Country Name,Country Code,Labour Force 2003,Labour Force 2004,Labour Force 2005,Labour Force 2006,Labour Force 2007,Labour Force 2008,Labour Force 2009,Labour Force 2010,Labour Force 2011,Labour Force 2012,Labour Force 2013,Labour Force 2014,Labour Force 2015,Labour Force 2016,Labour Force 2017,Labour Force 2018,Labour Force 2019,Labour Force 2020,Labour Force 2021,Labour Force 2022,Labour Force 2023,Population 2003,Population 2004,Population 2005,Population 2006,Population 2007,Population 2008,Population 2009,Population 2010,Population 2011,Population 2012,Population 2013,Population 2014,Population 2015,Population 2016,Population 2017,Population 2018,Population 2019,Population 2020,Population 2021,Population 2022,Population 2023,Unemployment Rate 2003,Unemployment Rate 2004,Unemployment Rate 2005,Unemployment Rate 2006,Unemployment Rate 2007,Unemployment Rate 2008,Unemployment Rate 2009,Unemployment Rate 2010,Unemployment Rate 2011,Unemployment Rate 2012,Unemployment Rate 2013,Unemployment Rate 2014,Unemployment Rate 2015,Unemployment Rate 2016,Unemployment Rate 2017,Unemployment Rate 2018,Unemployment Rate 2019,Unemployment Rate 2020,Unemployment Rate 2021,Unemployment Rate 2022,Unemployment Rate 2023
Afghanistan,AFG,5312226,5538525,5785543,6068893,6115891,6210225,6504675,6738587,7095658,7520865,7881567,8285362,8630724,8913938,9254593,9242721,9220323,9105733,9356574,8803873,8920521,22645130,23553551,24411191,25442944,25903301,26427199,27385307,28189672,29249157,30466479,31541209,32716210,33753499,34636207,35643418,36686784,37769499,38972230,40099462,41128771,42239854,7.922,7.914,7.914,7.918,7.908,7.92,7.914,7.914,7.916,7.909,7.919,7.915,9.011,10.1,11.184,11.206,11.224,11.71,11.934,14.1,14.386
Albania,ALB,1294847,1281167,1266465,1249959,1231498,1212147,1258916,1270655,1388801,1328695,1227940,1256110,1308343,1354998,1377319,1409389,1433004,1359716,1382433,1404942,1387831,3039616,3026939,3011487,2992547,2970017,2947314,2927519,2913021,2905195,2900401,2895092,2889104,2880703,2876101,2873457,2866376,2854191,2837849,2811666,2777689,2745972,16.985,16.306,15.966,15.626,15.966,13.06,13.674,14.086,13.481,13.376,15.866,18.055,17.193,15.418,13.616,12.304,11.466,12.79,12.473,11.588,11.584
Algeria,DZA,9556009,9747177,9916026,10077549,10244513,10402784,10551825,10832192,11067848,11293832,11793700,11279335,11709257,11918706,12069182,12225526,12402025,11881326,12202063,13023244,13425064,32055883,32510186,32956690,33435080,33983827,34569592,35196037,35856344,36543541,37260563,38000626,38760168,39543154,40339329,41136546,41927007,42705368,43451666,44177969,44903225,45606480,23.72,17.65,15.27,12.27,13.79,11.33,10.16,9.96,9.96,10.97,9.82,10.207,11.206,10.202,12,12.15,12.285,14.04,13.607,12.437,11.814
Angola,AGO,7554547,7838086,8132903,8441929,8762688,9093722,9435748,9793696,10175962,10527326,10886364,11251540,11623549,12011479,12415650,12825924,13246117,13728470,14445598,14746279,15222540,18124342,18771125,19450959,20162340,20909684,21691522,22507674,23364185,24259111,25188292,26147002,27128337,28127721,29154746,30208628,31273533,32353588,33428486,34503774,35588987,36684202,16.37,16.267,16.268,16.121,16.08,16.17,16.392,16.598,16.77,16.557,16.487,16.401,16.491,16.58,16.617,16.599,16.497,16.676,15.799,14.693,14.62
Argentina,ARG,16951795,17425150,17545905,17877291,17924078,17966575,18324357,18255867,18663922,18835226,18964106,19049721,19229476,19404277,19580710,20103008,20607477,19406591,21191985,21511126,21906419,38278164,38668796,39070501,39476851,39876111,40273769,40684338,40788453,41261490,41733271,42202935,42669500,43131966,43590368,44044811,44494502,44938712,45376763,45808747,46234830,46654581,15.36,13.522,11.506,10.078,8.47,7.837,8.645,7.714,7.18,7.217,7.1,7.268,7.58,8.083,8.347,9.221,9.843,11.461,8.736,6.805,6.178
Armenia,ARM,1425746,1425285,1426893,1430445,1435813,1437001,1455126,1456440,1452857,1446050,1440477,1433759,1426565,1418849,1408448,1397414,1413724,1388336,1393091,1367781,1355546,3084102,3065745,3047246,3026486,3004393,2983421,2964296,2946293,2928976,2914421,2901385,2889930,2878595,2865835,2851923,2836557,2820602,2805608,2790974,2780469,2777970,10.757,10.666,10.577,10.491,10.394,10.657,10.993,11.279,11.534,11.704,11.948,12.201,12.468,12.732,12.968,13.212,12.2,12.18,10.012,8.608,8.586
Australia,AUS,10015413,10127666,10428561,10653948,10940596,11230479,11475357,11664763,11845859,12009987,12180641,12320167,12556446,12730379,13007821,13308589,13587463,13587001,13806208,14079368,14501414,19720737,19932722,20176844,20450966,20827622,21249199,21691653,22031750,22340024,22733465,23128129,23475686,23815995,24190907,24592588,24963258,25334826,25649248,25685412,26014399,26638544,5.933,5.399,5.036,4.785,4.381,4.242,5.565,5.214,5.083,5.225,5.663,6.078,6.055,5.711,5.592,5.3,5.159,6.456,5.116,3.701,3.667
Austria,AUT,4014293,3973072,4039517,4106995,4193552,4236995,4278874,4294774,4323161,4371757,4414478,4438256,4490374,4573321,4600302,4638625,4658940,4641353,4688653,4761984,4825387,8121423,8171966,8227829,8268641,8295487,8321496,8343323,8363404,8391643,8429991,8479823,8546356,8642699,8736668,8797566,8840521,8879920,8916864,8955797,9041851,9132383,4.785,5.969,5.682,5.32,4.909,4.198,5.371,4.883,4.637,4.909,5.367,5.674,5.802,6.064,5.561,4.933,4.56,5.201,6.459,4.992,5.243
Azerbaijan,AZE,4180410,4114099,4115696,4093836,3983259,4027557,4141330,4193491,4273974,4359293,4428280,4531372,4626699,4756797,4841518,4925538,5191677,5165410,5263181,5432855,5473196,8234100,8306500,8391850,8484550,8581300,8763400,8947243,9054332,9173082,9295784,9416801,9535079,9649341,9757812,9854033,9939771,10024283,10093121,10137750,10141756,10112555,9.17,7.99,7.26,6.62,6.33,5.86,5.74,5.63,5.42,5.19,4.97,4.91,4.96,5,5,4.9,5,7.24,6.04,5.65,5.636
"Bahamas, The",BHS,181019,184145,187605,191092,194489,197505,200213,203958,207993,211907,215010,218498,221828,225308,228906,232371,235402,221416,230610,238456,242250,338490,343089,347804,352664,357666,362795,368057,373272,377950,382061,385650,389131,392697,395976,399020,401906,404557,406471,407906,409984,412623,10.84,10.2,10.2,7.54,7.88,8.18,14.25,14.431,14.52,14.02,16.18,13.8,12,12.7,9.8,10,10.011,12.804,11.694,9.87,9.198
Bahrain,BHR,381538,417214,461674,508671,558291,610442,664657,692760,685093,699050,722754,742612,768564,801959,837075,860599,864408,840235,833682,844182,855301,778256,833451,901921,970981,1040532,1110343,1179453,1213645,1212077,1224939,1261673,1311134,1362142,1409661,1456834,1487340,1494188,1477469,1463265,1472233,1485509,1.165,1.094,1.044,1.039,1.019,1.024,1.074,1.13,1.209,1.2,1.182,1.146,1.166,1.195,1.196,1.202,1.226,1.767,1.551,1.326,1.16
Bangladesh,BGD,50792730,51957839,53076512,53950191,54599225,55151453,55755782,56625232,57602724,58662413,59781774,60904130,62009866,63166277,67164738,68748318,70248864,70941233,73234222,73862460,74913612,136503206,138789725,140912590,142628831,144135934,145421318,146706810,148391139,150211005,152090649,154030139,155961299,157830000,159784568,161793964,163683958,165516222,167420951,169356251,171186372,172954319,4.32,4.294,4.25,3.591,4.045,4.516,5,3.379,3.73,4.075,4.426,4.406,4.382,4.35,4.372,4.532,4.693,5.828,5.815,5.247,5.06
Barbados,BRB,145813,147648,148408,145822,146641,147080,147741,148400,149131,146825,148815,143390,144417,148685,147106,146039,143823,141156,142587,145313,145851,267499,268505,269477,270425,271444,272635,273791,274711,275486,276197,276865,277493,278083,278649,279187,279688,280180,280693,281200,281635,281995,11,9.57,9.08,8.73,7.41,8.12,10.02,10.69,11.19,11.59,11.55,12.17,9.803,8.247,8.622,8.322,8.413,9.756,9.417,8.493,7.954
Belarus,BLR,4922877,4945457,4965796,4986812,5013841,5042776,5069441,5088243,5101163,5108408,5112243,5116472,5123402,5126557,5119698,5099979,5079798,5044592,5014861,4993525,4956149,9796749,9730146,9663915,9604924,9560953,9527985,9504583,9483836,9461643,9446836,9443211,9448515,9461076,9469379,9458989,9438785,9419758,9379952,9302585,9228071,9178298,10.155,9.443,8.748,8.064,7.408,6.735,6.1,6.054,6.024,5.97,5.946,5.911,5.881,5.844,5.648,4.763,4.165,4.049,3.9,3.574,3.574
Belgium,BEL,4402418,4485839,4626679,4646803,4728844,4777353,4797213,4893955,4876780,4910968,4962050,4978926,4989597,4997187,5086330,5144068,5194405,5167188,5259744,5374303,5432007,10376133,10421137,10478617,10547958,10625700,10709973,10796493,10895586,11038264,11106932,11159407,11209057,11274196,11331422,11375158,11427054,11488980,11538604,11586195,11685814,11822592,7.68,7.363,8.44,8.246,7.459,6.976,7.908,8.293,7.14,7.542,8.425,8.523,8.482,7.83,7.086,5.948,5.36,5.555,6.264,5.558,5.508
Belize,BLZ,97441,101437,105569,109868,114338,118970,123774,128753,133836,138977,144234,151065,156821,162580,166748,170728,174493,172620,177472,185068,190064,263998,272128,280375,288729,297173,305671,314171,322106,329538,337059,344688,352335,359871,367313,374693,382066,389095,394921,400031,405272,410825,10.363,10.601,10.91,9.39,8.51,8.18,8.335,8.424,8.434,8.38,8.349,8.244,7.578,7,6.596,7.899,9.053,10.7,10.157,8.724,8.262
Benin,BEN,3038386,3139548,3251640,3361334,3464881,3577586,3697926,3822693,3947757,4004243,4056023,4105299,4152214,4195476,4235801,4273806,4402996,4496108,4560387,4796679,4964239,7659208,7894554,8149419,8402631,8647761,8906469,9172514,9445710,9726380,10014078,10308730,10614844,10932783,11260085,11596779,11940683,12290444,12643123,12996895,13352864,13712828,0.747,0.79,0.86,0.888,0.902,0.892,0.947,1.04,2.647,2.415,2.113,1.892,1.855,1.835,1.722,1.473,1.402,1.565,1.694,1.473,1.452
Bhutan,BTN,286324,298501,309596,317730,324869,331983,338969,338303,341235,332058,342591,334024,342466,347144,352124,357395,385513,400715,414677,425882,429536,634627,649991,663323,673260,681614,689737,697678,705516,713331,721145,728889,736357,743274,749761,756121,762096,767459,772506,777486,782455,787424,1.8,2.49,3.1,3.13,3.7,3.833,3.96,3.32,3.23,2.05,2.87,2.63,2.45,2.737,3.039,3.35,2.72,5.03,4.804,5.947,5.653
Bolivia,BOL,3963074,4055936,4151820,4417572,4416875,4570941,4696931,4799179,4902372,4776939,4929362,5186538,4978794,5103906,5306478,5663066,5684980,5705374,5664325,5912237,6114198,9057378,9216279,9377388,9542663,9711152,9880593,10051317,10223270,10396246,10569697,10743349,10916987,11090085,11263015,11435533,11606905,11777315,11936162,12079472,12224110,12388571,2.657,2.618,2.6,2.576,2.615,2.603,2.973,2.609,2.255,2.066,2.437,2.021,3.111,3.498,3.655,3.519,3.682,7.903,5.089,3.552,3.081
Bosnia and Herzegovina,BIH,1479854,1479078,1474492,1474993,1482648,1490660,1463957,1464249,1428367,1416274,1386578,1400680,1385813,1365760,1351075,1330417,1344543,1321242,1387825,1381592,1368568,4183757,4142860,4094297,4058086,4007876,3943392,3877750,3811088,3743142,3674374,3617559,3571068,3524324,3480986,3440027,3400129,3360711,3318407,3270943,3233526,3210847,28.415,29.288,30.213,31.11,28.984,23.405,24.068,27.312,27.582,28.01,27.49,27.517,27.695,25.408,20.527,18.4,15.692,15.868,14.897,12.657,10.42
Botswana,BWA,665680,685506,705453,725796,758244,792136,827046,805850,831878,856975,882334,908862,936988,967141,999039,1031385,1063621,1059196,1114453,1145189,1170359,1826863,1859085,1892807,1928704,1966977,2007320,2048997,2091664,2134037,2175425,2217278,2260376,2305171,2352416,2401840,2451409,2499702,2546402,2588423,2630296,2675352,23.8,21.754,19.847,17.782,16.99,16.315,16.169,17.86,18.062,17.949,18.203,18.518,18.939,19.343,19.678,19.679,20.094,21.017,23.106,23.615,23.381
Brazil,BRA,85732532,88065748,90599379,91731711,92730992,93935308,95703669,95367508,94948394,97188186,98532617,99628945,101474161,102923211,104715941,106048382,107999623,101755860,106047171,108750811,108695239,182629278,184722043,186797334,188820682,190779453,192672317,194517549,196353492,198185302,199977707,201721767,203459650,205188205,206859578,208504960,210166592,211782878,213196304,214326223,215313498,216422446,11.169,10.072,10.551,9.692,9.28,8.268,9.419,8.424,7.578,7.251,7.071,6.755,8.538,11.58,12.792,12.33,11.936,13.697,13.159,9.231,7.95
Brunei Darussalam,BRN,166039,170625,175084,179379,183516,187518,191393,195182,198598,200259,201720,203072,204352,205465,206363,218003,216668,217415,220478,225294,227798,354045,360461,366717,372808,378748,384568,390311,396053,401506,406634,411702,416656,421437,425994,430276,434274,438048,441725,445373,449002,452524,5.785,5.886,5.993,6.076,6.169,6.272,6.397,6.476,6.537,6.615,6.734,6.862,7.694,8.521,9.316,8.7,6.6,7.409,4.905,5.191,5.27
Bulgaria,BGR,3322992,3353786,3282858,3369624,3432707,3486533,3409927,3405748,3323514,3335298,3363140,3357878,3333481,3265483,3364252,3338430,3391873,3311854,3268751,3147100,3102757,7775327,7716860,7658972,7601022,7545338,7492561,7444443,7395599,7348328,7305888,7265115,7223938,7177991,7127822,7075947,7025037,6975761,6934015,6877743,6465097,6430370,13.733,12.037,10.083,8.951,6.878,5.61,6.817,10.279,11.26,12.27,12.941,11.424,9.143,7.575,6.164,5.212,4.23,5.125,5.267,4.268,4.295
Burkina Faso,BFA,5316274,5443470,5567467,5683357,5790842,5886292,5978737,6071773,6168443,6272750,6376479,6481181,6682736,6895219,7115497,7338779,7567042,7741338,8049004,8327762,8577269,13030591,13445977,13876127,14316242,14757074,15197915,15650022,16116845,16602651,17113732,17636408,18169842,18718019,19275498,19835858,20392723,20951639,21522626,22100683,22673762,23251485,2.78,3.475,4,3.67,3.3,3.497,3.715,3.723,3.827,3.852,4.055,4.254,4.468,4.594,4.66,4.695,4.701,4.985,5.11,5.348,5.293
Burundi,BDI,2937179,3048521,3150340,3237210,3376426,3541156,3754411,3944226,4072769,4201862,4334934,4460707,4526075,4554341,4644906,4804276,4993362,5116723,5311768,5510923,5722443,6860846,7120496,7388874,7658190,7944609,8278109,8709366,9126605,9455733,9795479,10149577,10494913,10727148,10903327,11155593,11493472,11874838,12220227,12551213,12889576,13238559,3.137,3.179,3.15,3.185,2.4,1.634,1.618,1.612,1.599,1.591,1.584,1.572,1.444,1.356,1.258,1.157,1.053,1.03,1.11,0.919,0.93
Cabo Verde,CPV,174444,179617,184772,189912,195035,200110,205079,209631,214157,218615,223037,227455,231746,235863,239923,228928,240383,232695,238872,251844,257317,480089,486583,492827,498884,504733,510336,515638,521212,527521,533864,539940,546076,552166,558394,564954,571202,577030,582640,587925,593149,598682,13.635,13.493,13.471,13.408,13.325,13.331,13.517,10.67,10.947,11.137,11.386,11.67,11.905,12.075,12.24,12.17,12.118,14.66,13.906,12.272,11.994
Cambodia,KHM,6005653,6139652,6267722,6392064,6511792,6619705,6707925,6778050,6831932,6865596,7112623,7368200,7620595,7874603,8131979,8386085,8636531,8690980,8922729,9057330,9174840,12787710,13016371,13246583,13477779,13714791,13943888,14155740,14363532,14573885,14786640,14999683,15210817,15417523,15624584,15830689,16025238,16207746,16396860,16589023,16767842,16944826,0.909,1.005,1.067,1.154,1.257,0.825,0.579,0.771,0.577,0.496,0.438,0.692,0.393,0.716,0.141,0.13,0.12,0.172,0.396,0.247,0.239
Cameroon,CMR,7418531,7642255,7867487,8098945,8341459,8418157,8476630,8515123,8654090,8788788,8923111,9090658,9409632,9710777,9995553,10284558,10593291,10815307,11098782,11592475,11965019,16354326,16809407,17275171,17751333,18251866,18777081,19319274,19878036,20448873,21032684,21632850,22299585,23012646,23711630,24393181,25076747,25782341,26491087,27198628,27914536,28647293,5.909,5.088,4.4,3.73,3.063,3.385,3.742,4.11,3.989,3.837,3.687,3.534,3.52,3.534,3.581,3.619,3.646,3.866,3.951,3.687,3.646
Canada,CAN,17462681,17672719,17818493,18035508,18382520,18662676,18788041,18985996,19146747,19315804,19521201,19584895,19691006,19878324,20144897,20348244,20767967,20482633,20967796,21367763,22110473,31642461,31938807,32242732,32571193,32888886,33247298,33630069,34005902,34339221,34713395,35080992,35434066,35704498,36110803,36545075,37072620,37618495,38028638,38239864,38939056,40097761,7.574,7.185,6.758,6.484,6.156,6.284,8.46,8.178,7.637,7.392,7.143,7.023,6.945,7.038,6.426,5.837,5.69,9.657,7.527,5.28,5.366
Central African Republic,CAF,1543643,1577159,1613398,1645147,1673132,1706464,1741734,1774166,1793790,1793122,1785269,1758702,1750494,1781329,1814579,1849419,1893277,1931806,1975774,2038648,2114113,4026841,4115138,4208834,4294352,4375569,4467233,4564540,4660067,4732022,4773306,4802428,4798734,4819333,4904177,4996741,5094780,5209324,5343020,5457154,5579144,5742315,5.631,5.56,5.53,5.46,5.419,5.372,5.463,5.585,5.551,5.52,5.56,5.685,5.871,5.904,5.969,5.896,5.978,6.556,6.676,6.337,6.286
Chad,TCD,3175485,3318111,3437328,3531459,3620713,3720190,3825049,3921726,4030272,4144051,4266330,4393752,4495591,4600694,4725553,4858714,5026862,5151257,5322620,5602330,5806355,9196366,9613503,10005012,10365614,10722731,11098664,11496128,11894727,12317730,12754906,13216766,13697126,14140274,14592585,15085884,15604210,16126866,16644701,17179740,17723315,18278568,0.728,0.679,0.67,0.716,0.829,0.904,0.903,0.873,0.899,0.893,0.942,0.926,0.968,1.044,1.116,1.135,1.081,1.693,1.511,1.104,1.082
Channel Islands,CHI,74801,75386,75957,76248,76590,77778,78969,79439,79266,79648,80202,80748,81524,82327,82902,83633,84417,83981,84888,85623,86239,148341,149538,150763,151985,153225,154475,155721,156933,157819,158621,159794,160912,162190,163721,165215,167259,169410,171113,172683,174079,175346,5.636,5.834,5.764,5.513,5.204,5.268,6.628,6.97,7.192,7.993,8.531,8.285,7.901,7.442,6.865,6.324,6.17,6.611,6.609,5.91,5.982
Chile,CHL,6524560,6686711,6849194,7114930,7297902,7574753,7672069,7836109,8131735,8209415,8324494,8468946,8566113,8661001,8872208,9059235,9214285,8852361,9147766,9629968,9847754,15859112,16017966,16175311,16334575,16495538,16661462,16833447,17004162,17173573,17341771,17509925,17687108,17870124,18083879,18368577,18701450,19039485,19300315,19493184,19603733,19629590,9.765,10.162,9.34,9.024,8.427,9.285,11.313,8.547,7.492,6.79,6.361,6.761,6.605,6.926,7.29,7.647,7.533,11.006,9.325,8.299,9.037
China,CHN,755273046,762251057,769371812,774287037,776045127,776378230,775599063,774058132,778323480,778937997,779042510,780062420,780709584,780524312,778674707,776278514,775321104,763684716,780370660,781808304,779245529,1288400000,1296075000,1303720000,1311020000,1317885000,1324655000,1331260000,1337705000,1345035000,1354190000,1363240000,1371860000,1379860000,1387790000,1396215000,1402760000,1407745000,1411100000,1412360000,1412175000,1410710000,4.58,4.49,4.52,4.43,4.35,4.59,4.72,4.53,4.55,4.58,4.6,4.63,4.65,4.56,4.47,4.31,4.56,5,4.55,4.98,4.67
Colombia,COL,19043693,19248116,19268760,19464939,19653416,20141224,21438903,21906084,22469752,23071179,23198264,23488075,23882464,24079276,24461484,24812159,25072923,25219253,25983568,25770913,26003385,41057687,41648268,42220940,42772910,43306582,43815313,44313917,44816108,45308899,45782417,46237930,46677947,47119728,47625955,48351671,49276961,50187406,50930662,51516562,51874024,52085168,13.221,13.717,11.062,11.091,11.204,11.273,12.066,11.153,10.288,9.959,9.246,8.799,8.572,8.922,9.086,9.36,10.28,15.983,13.898,10.547,9.565
Comoros,COM,127488,130933,136156,141521,147019,152664,158474,164449,170591,176900,183361,189967,194996,200128,204998,209430,213692,216486,222655,228765,234437,570130,581154,592683,604658,616899,629470,642493,656024,670071,684553,699393,714612,730216,746232,761664,776313,790986,806166,821625,836774,852075,4.565,4.571,4.597,4.622,4.688,4.699,4.724,4.692,4.726,4.767,4.79,4.88,4.972,5.042,5.04,5.018,5.1,5.884,5.857,5.854,5.795
"Congo, Dem. Rep.",COD,20794681,21419640,22106983,22552695,22999271,23426253,23839481,24288870,24786531,25253938,26115602,27012080,27914047,28894272,29889010,30825948,31747599,32441900,33694649,34812162,35983053,53205639,54815607,56550247,58381630,60289422,62249724,64270232,66391257,68654269,70997870,73460021,76035588,78656904,81430977,84283273,87087355,89906890,92853164,95894118,99010212,102262808,3.05,2.973,2.948,3.173,3.401,3.625,3.879,4.096,4.315,4.485,4.474,4.446,4.456,4.548,4.637,4.661,4.642,5.369,5.273,4.585,4.544
"Congo, Rep.",COG,1351169,1405156,1464221,1527192,1589301,1642493,1713269,1788231,1842541,1885866,1920877,1958120,1998054,2041747,2089952,2141300,2195390,2227600,2306220,2384161,2461099,3424653,3543012,3672839,3813323,3956329,4089602,4257230,4437884,4584216,4713257,4828066,4944861,5064386,5186824,5312340,5441062,5570733,5702174,5835806,5970424,6106869,19.865,19.883,19.796,19.593,19.899,19.954,19.854,19.379,19.51,19.573,19.902,19.781,20.2,20.524,20.887,20.938,20.608,22.373,22.077,20.261,20.054
Costa Rica,CRI,1790751,1799981,1920056,1943618,2012372,2037739,2064610,2060686,2149242,2321866,2337155,2395003,2380187,2296246,2335223,2459739,2573190,2456537,2529009,2542517,2407610,4188610,4252800,4315887,4378172,4440019,4501921,4563127,4622252,4679926,4736593,4791535,4844288,4895242,4945205,4993842,5040734,5084532,5123105,5153957,5180829,5212173,6.654,6.445,6.749,5.926,4.557,4.934,7.824,7.171,9.518,9.11,8.218,8.499,8.415,8.085,7.729,9.01,10.807,16.432,15.139,11.325,8.304
Cote d'Ivoire,CIV,6414848,6577439,6748108,6923835,7104515,7289697,7478860,7674193,7842038,7988446,8151021,8360975,8617882,8883562,9157647,9441715,9735200,9943686,10263449,10609451,10954094,18116451,18544903,18970215,19394057,19817700,20244449,20677762,21120042,21562914,22010712,22469268,22995555,23596741,24213622,24848016,25493988,26147551,26811790,27478249,28160542,28873034,5.858,5.93,6.041,6.04,6.308,6.404,6.586,6.614,7.145,7.223,4.255,3.275,2.574,1.896,3.273,2.851,2.401,2.559,2.59,2.434,2.403
Croatia,HRV,1808041,1844858,1796375,1785298,1924507,1933843,1934048,1912849,1883510,1865281,1844972,1896011,1896675,1835203,1824724,1794304,1781597,1772376,1724579,1732504,1744221,4303399,4304600,4310145,4311159,4310217,4309705,4305181,4295427,4280622,4267558,4255689,4238389,4203604,4174349,4124531,4087843,4065253,4047680,3878981,3855641,3853200,13.924,13.664,12.598,11.13,9.909,8.53,9.202,11.62,13.678,15.935,17.251,17.29,16.175,13.103,11.208,8.432,6.617,7.507,7.608,6.96,6.063
Cuba,CUB,4708605,4765760,4842407,4919403,4974488,5012770,5148033,5108192,5177768,5206440,5235766,5258253,5292666,5308720,5326759,5342937,5345176,5016414,5106046,5286176,5317246,11199217,11225294,11246114,11260630,11269887,11276609,11283185,11290417,11298710,11309290,11321579,11332026,11339894,11342012,11336405,11328244,11316697,11300698,11256372,11212191,11194449,2.33,1.854,1.95,1.913,1.788,1.583,1.67,2.5,3.18,3.46,3.29,2.7,2.4,2,1.7,1.7,1.2,1.4,1.373,1.254,1.163
Cyprus,CYP,499677,510413,525959,541559,562628,575504,585771,603570,609156,615106,620095,630237,621262,616189,625955,639464,650331,652883,667244,684941,692875,1000350,1018684,1037062,1055438,1073873,1092390,1110974,1129686,1145086,1156556,1166968,1176995,1187280,1197881,1208523,1218831,1228836,1237537,1244188,1251488,1260138,4.153,4.77,5.481,4.593,3.946,3.756,5.594,6.36,7.942,12.097,16.131,16.277,15.026,13.006,11.155,8.504,7.155,7.755,7.513,6.807,5.964
Czechia,CZE,5128108,5128993,5169750,5191044,5188504,5211811,5255696,5239650,5222763,5254149,5302824,5300088,5309480,5354440,5386053,5425122,5421467,5375292,5279722,5372821,5502169,10193998,10197101,10211216,10238905,10298828,10384603,10443936,10474410,10496088,10510785,10514272,10525347,10546059,10566332,10594438,10629928,10671870,10697858,10505772,10672118,10873689,7.777,8.298,7.927,7.141,5.316,4.393,6.662,7.281,6.712,6.979,6.953,6.108,5.048,3.952,2.893,2.246,2.015,2.551,2.803,2.224,2.593
Denmark,DNK,2868194,2895623,2893154,2917717,2924753,2918710,2909160,2888564,2887130,2871734,2850392,2865028,2895364,2939677,2966464,2990219,3032098,3028252,3070703,3141486,3179505,5390574,5404523,5419432,5437272,5461438,5493621,5523095,5547683,5570572,5591572,5614932,5643475,5683483,5728010,5764980,5793636,5814422,5831404,5856733,5903037,5946952,5.398,5.204,4.83,3.897,3.801,3.683,6.409,7.747,7.769,7.798,7.384,6.925,6.278,5.989,5.833,5.131,5.018,5.637,5.043,4.434,5.142
Djibouti,DJI,176043,177549,179409,181791,184940,188013,191254,194539,198551,202701,207030,211481,215965,220911,225672,230329,234947,235554,240479,249967,255564,806411,818373,830861,846947,865196,882886,901103,919199,936811,954297,971753,989087,1006259,1023261,1040233,1057198,1073994,1090156,1105557,1120849,1136455,26.647,26.602,26.605,26.528,26.423,26.299,26.436,26.469,26.399,26.252,26.211,26.217,26.095,25.999,26.064,26.18,26.246,27.645,27.548,26.367,26.258
Dominican Republic,DOM,3342971,3424410,3480356,3593807,3660256,3757662,3690074,3844470,4015614,4176432,4236156,4325193,4579344,4685793,4752184,4931651,5091385,4805372,5101650,5174651,5301571,8919852,9043127,9164768,9284168,9402206,9522948,9648061,9775755,9903737,10030882,10157051,10282115,10405832,10527592,10647244,10765531,10881882,10999664,11117873,11228821,11332972,6.938,6.303,6.587,5.655,5.158,4.764,5.467,5.212,6.087,6.722,7.352,6.719,7.605,7.284,5.832,5.861,6.356,6.126,7.702,5.504,5.557
Ecuador,ECU,5717711,6049202,6151040,6391164,6431063,6561532,6457726,6467670,6517322,6732540,6857058,7045425,7548658,7951902,8190955,8227052,8387366,7769265,8652009,8813437,8893065,13301184,13534593,13770012,14009061,14251835,14496797,14742766,14989585,15237728,15483883,15722989,15957994,16195902,16439585,16696944,17015672,17343740,17588595,17797737,18001000,18190484,5.662,5.002,3.779,3.55,3.142,3.917,4.608,4.088,3.458,3.235,3.083,3.48,3.616,4.597,3.836,3.53,3.812,6.127,4.552,3.761,3.367
"Egypt, Arab Rep.",EGY,21665373,22756745,23853891,24954020,26081669,26485023,27281764,28739910,29061496,29544119,30181706,30655760,30540697,30927659,30428646,29899860,29708924,29873073,31447172,32614163,33430910,75963322,77522427,79075310,80629670,82218755,83844783,85501064,87252413,89200054,91240376,93377890,95592324,97723799,99784030,101789386,103740765,105618671,107465134,109262178,110990103,112716598,10.91,10.32,11.049,10.49,8.8,8.517,9.087,8.757,11.849,12.597,13.154,13.105,13.052,12.45,11.767,9.855,7.851,7.974,7.441,7.344,7.306
El Salvador,SLV,2382720,2346240,2380674,2412208,2455407,2468518,2481794,2494725,2517133,2579866,2630753,2617260,2618193,2673318,2687119,2694155,2762085,2632889,2768977,2835063,2870401,6026849,6035655,6037817,6034436,6044131,6068099,6091188,6114034,6137349,6161289,6185642,6209526,6231066,6250510,6266654,6276342,6280217,6292731,6314167,6336392,6364943,6.9,6.8,7.22,6.57,6.41,5.88,7.33,4.893,4.297,3.843,3.693,4.154,3.998,4.418,4.385,4.006,4.17,5.008,4.327,2.999,2.758
Equatorial Guinea,GNQ,261171,276049,291795,307875,324337,341184,358332,375633,392909,409858,426879,443914,460736,477565,493923,510441,527542,516539,535701,571718,592618,789681,826355,864726,905418,948814,994971,1043686,1094524,1144588,1193636,1243941,1295183,1346973,1398927,1450694,1502091,1553031,1596049,1634466,1674908,1714671,8.265,8.166,8.12,8.024,7.974,7.943,8.098,8.292,8.234,8.116,8.039,8.044,8.178,8.232,8.329,8.256,8.367,9.075,9.194,8.746,8.666
Eritrea,ERI,1172899,1225515,1247644,1264992,1281814,1324868,1367558,1401601,1438963,1467999,1496111,1508859,1517960,1526925,1544776,1575236,1610509,1633675,1684158,1749410,1800336,2653390,2763140,2831732,2880093,2926168,3005779,3083888,3147727,3207570,3252596,3296367,3323425,3340006,3365287,3396933,3445374,3498818,3555868,3620312,3684032,3748901,5.784,5.674,5.689,5.683,5.696,5.647,5.722,5.839,5.755,5.649,5.61,5.652,5.793,5.83,5.879,5.758,5.789,6.307,6.341,5.941,5.866
Estonia,EST,671446,672400,668522,690703,688602,694490,687516,681606,687098,683224,679674,674311,684580,691052,700098,703757,703307,703979,702984,734484,752419,1370720,1362550,1354775,1346810,1340680,1337090,1334515,1331475,1327439,1322696,1317997,1314545,1315407,1315790,1317384,1321977,1326898,1329522,1330932,1348840,1366188,11.288,10.248,8.033,5.915,4.592,5.455,13.548,16.707,12.328,10.021,8.631,7.352,6.412,6.882,5.807,5.412,4.514,6.956,6.178,5.571,6.345
Eswatini,SWZ,319956,324619,328772,332638,336723,340887,344805,348073,350879,353558,356398,359803,363885,367503,371733,376388,381189,383785,391180,399122,405086,1058797,1065764,1071886,1077735,1084008,1089870,1094886,1099920,1105371,1111444,1118319,1125865,1133936,1142524,1151390,1160428,1169613,1180655,1192271,1201670,1210822,26.229,26.695,27.208,27.689,28.24,27.847,27.404,26.753,25.994,25.118,24.435,23.817,23.279,22.718,24.83,26.983,29.049,34.232,35.707,37.852,37.636
Ethiopia,ETH,31429893,32612712,33834090,34936337,36102315,37315620,38592273,39960419,41421329,42951638,44510242,46082642,47688580,49358568,51076894,52785396,54494384,55776848,57984973,59751802,61664369,73168838,75301026,77469940,79691050,81996185,84357105,86755585,89237791,91817929,94451280,97084366,99746766,102471895,105293228,108197950,111129438,114120594,117190911,120283026,123379924,126527060,3.002,2.771,2.497,2.346,2.344,2.333,2.331,2.299,2.274,2.255,2.251,2.364,2.45,2.566,2.678,2.825,2.945,4.024,3.935,3.493,3.497
Fiji,FJI,334199,338590,335118,346566,357794,368200,377788,387052,396150,389837,382931,375549,372681,369664,370182,370907,372177,362045,363896,382456,390514,858306,866694,874923,883083,890648,896731,901383,905169,908355,911059,913453,915560,917200,918371,919019,918996,918465,920422,924610,929766,936375,4.739,4.7,3.886,3.957,4.103,4.182,4.302,4.342,4.406,4.375,4.356,4.325,4.292,4.32,4.328,4.34,4.38,4.623,4.678,4.481,4.327
Finland,FIN,2620447,2612340,2632616,2660139,2687154,2715926,2688826,2678175,2693382,2700773,2686349,2690277,2699822,2694829,2716261,2749812,2758855,2751071,2799859,2845714,2879817,5213014,5228172,5246096,5266268,5288720,5313399,5338871,5363352,5388272,5413971,5438972,5461512,5479531,5495303,5508214,5515525,5521606,5529543,5541017,5556106,5584264,10.469,10.358,8.384,7.719,6.854,6.369,8.25,8.394,7.781,7.689,8.193,8.663,9.376,8.818,8.64,7.361,6.695,7.759,7.606,6.719,7.155
France,FRA,28620674,28778198,28867248,29052914,29300012,29512889,29790243,29884514,29908458,30175391,30427131,30406445,30521969,30573605,30547530,30691326,30652293,30379167,31271173,31616935,31825317,62256970,62716306,63188395,63628261,64021737,64379696,64710879,65030575,65345233,65662240,66002289,66312067,66548272,66724104,66918020,67158348,67388001,67571107,67764304,67971311,68170228,8.307,8.914,8.882,8.833,8.009,7.386,9.122,9.279,9.228,9.841,9.913,10.273,10.354,10.057,9.41,9.018,8.415,8.01,7.874,7.308,7.323
French Polynesia,PYF,106618,108820,110916,112806,114134,115870,117409,118724,119968,121131,122181,123435,124841,126232,127720,129270,130760,131112,133089,135923,137413,263173,267132,271060,274901,278178,280558,282283,283788,285265,286584,288032,289873,291787,293541,295450,297606,299717,301920,304032,306279,308872,11.748,11.697,11.718,11.766,11.74,11.759,11.968,12.143,12.273,12.146,12.03,11.886,11.776,11.699,11.554,11.553,11.536,12.879,12.492,11.911,11.724
Gabon,GAB,412149,425343,439422,453891,469430,485968,503461,521999,541121,561059,581623,601861,620925,640147,657900,674918,691727,665807,688927,740047,763104,1378398,1417110,1458353,1502534,1549774,1599978,1653542,1711105,1772500,1836705,1902226,1966855,2028517,2086206,2140215,2192012,2242785,2292573,2341179,2388992,2436566,17.129,17.104,16.91,17.792,18.258,19.197,19.754,20.39,19.929,19.713,19.788,19.922,19.994,20.165,20.351,20.502,20.426,21.273,21.233,20.501,20.361
"Gambia, The",GMB,498848,514056,530048,547059,565094,583998,603612,623760,644694,666649,690889,715942,741651,768197,795622,824123,850152,869883,903526,936575,969074,1566257,1612225,1660368,1711294,1764883,1820542,1878119,1937275,1998212,2061014,2124869,2189019,2253133,2317206,2381182,2444916,2508883,2573995,2639916,2705992,2773168,9.93,9.897,9.878,10.196,10.383,10.041,9.769,9.673,10.269,10.346,9.468,8.224,7.271,6.299,5.162,4.127,4.532,5.858,6.206,6.082,6.479
Georgia,GEO,2046867,2011427,1992449,1938834,1974742,1982038,2001608,2015786,2022484,2047551,2027705,2039516,2065655,2046196,1971577,1895181,1856196,1866753,1876551,1839750,1853143,3951736,3927340,3902469,3880347,3860158,3848449,3814419,3786695,3756441,3728874,3717668,3719414,3725276,3727505,3728004,3726549,3720161,3722716,3708610,3712502,3760365,11.51,12.62,13.81,13.57,13.28,17.87,20.71,20.203,19.632,19.653,19.416,17.439,16.506,16.604,13.939,12.667,11.565,11.73,11.794,11.657,11.622
Germany,DEU,40236914,40039826,41239999,41693116,41861246,41917490,41978630,41949335,41729225,41853628,42212988,42458390,42660629,43567225,43819028,43935038,44433744,43501190,43386527,44198105,44783712,82534176,82516260,82469422,82376451,82266372,82110097,81902307,81776930,80274983,80425823,80645605,80982500,81686611,82348669,82657002,82905782,83092962,83160871,83196078,83797985,84482267,9.779,10.727,11.167,10.25,8.658,7.525,7.742,6.967,5.825,5.379,5.231,4.981,4.624,4.122,3.746,3.384,3.136,3.856,3.638,3.135,3.045
Ghana,GHA,9271299,9537156,9799107,10059045,10319874,10577661,10827195,11061367,11285674,11512114,11743140,11979984,12224092,12541094,12867254,13189616,13512595,13730721,14064388,14549322,14887115,21329514,21906444,22496951,23098586,23708320,24326087,24950762,25574719,26205941,26858762,27525597,28196358,28870939,29554303,30222262,30870641,31522290,32180401,32833031,33475870,34121985,7.722,6.757,5.817,4.897,5.092,5.142,5.349,5.384,4.227,3.141,2.173,4.412,6.806,5.237,3.369,3.251,3.156,3.285,3.338,3.084,3.079
Greece,GRC,4864673,4934209,4955025,4987310,4976699,4982990,5019313,5028603,4942452,4893346,4838419,4784920,4754679,4730250,4709718,4682252,4684352,4599448,4571642,4651589,4645359,10928070,10955141,10987314,11020362,11048473,11077841,11107017,11121341,11104899,11045011,10965211,10892413,10820883,10775971,10754679,10732882,10721582,10698599,10569207,10426919,10361295,9.839,10.628,10.074,8.906,8.351,7.664,9.546,12.719,17.973,24.731,27.686,26.708,24.981,23.514,21.414,19.179,17.045,15.899,14.657,12.426,10.997
Guam,GUM,70968,71107,70975,73394,68162,70977,73744,73809,75657,76031,76362,76650,76879,77049,77176,77271,77344,76694,78638,79681,80212,163385,164004,164430,164675,164763,164725,164580,164905,165649,166392,167054,167543,167978,168346,168606,168678,168624,169231,170534,171774,172952,9.691,7.7,7,7.4,8.3,8.889,9.3,8.2,13.3,12.2,11.5,7.6,6.9,5.4,5.417,5.447,5.402,6.227,6.001,5.527,5.418
Guatemala,GTM,4484181,4617954,4720723,4825217,4931026,5037761,5145327,5253574,5486770,5980602,5682211,5883588,6022488,6184488,6364813,6472399,6481136,6460734,6764382,7069008,7257874,12415334,12682108,12948292,13213330,13477017,13739299,14000190,14259687,14521515,14781942,15043981,15306316,15567419,15827690,16087418,16346950,16604026,16858333,17109746,17357886,17602431,2.807,2.971,3.06,2.95,2.825,2.874,3.209,3.497,3.171,2.765,3.017,2.717,2.506,2.583,2.462,2.283,2.193,2.953,2.174,3.051,2.705
Guinea,GIN,3044383,3082810,3113788,3149846,3199079,3254659,3311120,3368027,3426953,3486597,3545237,3605101,3668093,3732312,3795285,3858186,3923389,4004061,4121670,4267534,4400646,8772254,8961039,9140114,9330625,9547082,9779785,10021323,10270728,10527712,10788692,11055430,11333365,11625998,11930985,12240789,12554864,12877539,13205153,13531906,13859341,14190612,4.651,4.757,4.899,4.958,4.834,4.844,4.991,5.129,5.123,4.891,4.977,5.108,5.251,5.019,4.815,4.771,5.018,5.993,5.767,5.328,5.297
Guinea-Bissau,GNB,418787,428850,438945,449550,460725,472533,485013,498226,512456,527323,542768,558624,574927,591938,609483,627598,646095,659318,683858,705360,726412,1315653,1347009,1379713,1414091,1450572,1488431,1527196,1567220,1609017,1652717,1697753,1743309,1788919,1834552,1879826,1924955,1970457,2015828,2060721,2105566,2150842,3.284,3.28,3.221,3.204,3.202,3.218,3.21,3.197,3.144,3.207,3.226,3.316,3.224,3.192,3.137,3.196,3.219,3.614,3.628,3.204,3.183
Guyana,GUY,274062,274765,275586,276658,277906,279037,279981,280727,281215,282787,285029,286708,288326,289827,291179,301413,284892,281272,283296,288357,295000,760562,760424,759709,758367,756521,754150,751258,747932,744230,743966,747420,751115,755031,759087,763252,785514,798753,797202,804567,808726,813834,11.532,11.279,11.066,10.7,10.891,11.111,11.42,11.758,11.977,12.231,12.528,12.887,13.273,13.563,13.813,14.019,13.525,15.701,14.927,12.423,12.43
Haiti,HTI,3402415,3498794,3597996,3707666,3817640,3928341,4039702,4132947,4215096,4302197,4396256,4491380,4582391,4673043,4763697,4851862,4929943,4968486,5078941,5149531,5237767,8812245,8961489,9111900,9266288,9420826,9575247,9730638,9842880,9954312,10108539,10261206,10412740,10563757,10713849,10863543,11012421,11160438,11306801,11447569,11584996,11724763,12.184,13.458,14.589,15.914,16.8,16.194,15.342,15.255,14.482,14.1,13.639,13.766,13.745,13.888,13.929,13.937,14.133,15.56,15.253,14.719,14.623
Honduras,HND,2639855,2703743,2768649,2775987,2823834,2946258,3103859,3260247,3243536,3268694,3613486,3810624,3919626,3983810,4161688,4431793,4399023,4206572,4452659,4564937,4675950,7201881,7383407,7564613,7745200,7924462,8101777,8277302,8450933,8622504,8792367,8960657,9127846,9294505,9460798,9626842,9792850,9958829,10121763,10278345,10432860,10593798,5.3,5.99,4.909,3.575,3.211,3.156,3.292,4.119,4.475,3.755,5.646,7.078,6.147,6.727,5.528,5.622,5.551,10.679,7.94,7.037,6.062
"Hong Kong SAR, China",HKG,3479071,3525372,3550951,3614884,3662908,3680131,3698404,3672023,3742584,3818310,3880979,3899441,3940825,3956680,3982216,4016701,3999862,3919996,3866026,3761289,3825407,6730800,6783500,6813200,6857100,6916300,6957800,6972800,7024200,7071600,7150100,7178900,7229500,7291300,7336600,7393200,7452600,7507900,7481000,7413100,7346100,7536100,7.86,6.74,5.58,4.77,4.01,3.56,5.26,4.329,3.422,3.285,3.4,3.296,3.314,3.392,3.124,2.805,2.917,5.808,5.174,4.318,3.931
Hungary,HUN,4227774,4203079,4272899,4323154,4306927,4275905,4265167,4298779,4310224,4358321,4393129,4508047,4587119,4651601,4688293,4720978,4748584,4724407,4920977,4983931,5005562,10129552,10107146,10087065,10071370,10055780,10038188,10022650,10000023,9971727,9920362,9893082,9866468,9843028,9814023,9787966,9775564,9771141,9750149,9709891,9643048,9589872,5.79,5.832,7.189,7.494,7.406,7.817,10.03,11.172,11.029,11.003,10.177,7.725,6.813,5.115,4.156,3.709,3.419,4.25,4.045,3.609,4.126
Iceland,ISL,173624,173541,175622,183451,189725,192115,188716,188369,187550,189063,192997,198891,203751,209633,213259,217130,220983,219015,222391,231368,239195,289521,292074,296734,303782,311566,317414,318499,318041,319014,320716,323764,327386,330815,335439,343400,352721,360563,366463,372520,382003,393600,3.997,4.031,2.547,2.83,2.251,2.946,7.22,7.564,7.028,6,5.376,4.897,3.979,2.978,2.742,2.704,3.507,5.478,6.029,3.789,3.562
India,IND,411069163,416629768,421959547,431250073,440568412,449860965,459168942,468646281,472419461,476025371,483634725,490933119,497800426,504122684,510055221,515366255,520273563,520521842,535026237,554145127,593729164,1117415123,1136264583,1154638713,1172373788,1189691809,1206734806,1223640160,1240613620,1257621191,1274487215,1291132063,1307246509,1322866505,1338636340,1354195680,1369003306,1383112050,1396387127,1407563842,1417173173,1428627663,8.397,8.551,8.697,8.614,8.534,8.486,8.406,8.318,8.222,8.156,8.088,7.992,7.894,7.8,7.723,7.652,6.51,7.859,6.38,4.822,4.172
Indonesia,IDN,103208209,105014968,104711524,106146819,111277707,113275269,114480686,117183517,119580336,122341620,122963171,124478015,126141821,127339757,129760147,133327293,136201932,136106881,134381715,138099490,140931083,223080121,225938595,228805144,231797427,234858289,237936543,240981299,244016173,247099697,250222695,253275918,256229761,259091970,261850182,264498852,267066843,269582878,271857970,273753191,275501339,277534122,6.658,7.303,7.945,7.551,8.06,7.209,6.106,5.614,5.153,4.468,4.336,4.049,4.514,4.301,3.783,4.387,3.59,4.255,3.827,3.462,3.417
"Iran, Islamic Rep.",IRN,21807454,22728486,23637285,23912566,24076472,23395023,24401195,24374967,23747702,24358270,24633773,24780719,25883066,27040336,28100798,28610021,28702961,27169143,27176983,28641414,29158831,67954699,69061674,70182594,71275760,72319418,73318394,74322685,75373855,76342971,77324451,78458928,79961672,81790841,83306231,84505076,85617562,86564202,87290193,87923432,88550570,89172767,11.528,10.3,11.813,11.519,10.772,10.63,12.113,13.679,12.491,12.275,10.595,10.68,11.166,12.618,12.232,12.195,10.74,9.687,9.282,9.085,9.103
Iraq,IRQ,6477441,6679058,6897082,6967997,6932361,7077686,7347180,7588942,7854695,8207067,8827667,9385898,9709072,10025430,10020634,10315657,10543641,10307044,10683686,11356412,11811525,27068823,27858948,28698684,28905607,28660887,29218381,30289040,31264875,32378061,33864447,35481800,36746488,37757813,38697943,39621162,40590700,41563520,42556984,43533592,44496122,45504560,8.965,8.736,8.596,8.434,8.646,8.467,8.41,8.262,8.186,7.965,9.208,10.59,10.838,10.82,13.02,13.509,14.142,15.776,16.173,15.588,15.529
Ireland,IRL,1984446,2033886,2151141,2241382,2336096,2355177,2303515,2252263,2231095,2225018,2247873,2258498,2285833,2330010,2354153,2397838,2446760,2432234,2551560,2673388,2766155,3996521,4070262,4159914,4273591,4398942,4489544,4535375,4560155,4580084,4599533,4623816,4657740,4701957,4755335,4807388,4867316,4934340,4985382,5033164,5127170,5262382,4.478,4.491,4.343,4.415,4.98,6.774,12.609,14.534,15.354,15.451,13.735,11.858,9.908,8.374,6.713,5.741,4.95,5.623,6.194,4.479,4.34
Israel,ISR,2943707,3023076,3101315,3180735,3266238,3324067,3403706,3482638,3531041,3719680,3777692,3878824,3947873,4025458,4091598,4168871,4222447,4193305,4262382,4450601,4553808,6689700,6809000,6930100,7053700,7180100,7308800,7485600,7623600,7765800,7910500,8059500,8215700,8380100,8546000,8713300,8882800,9054000,9215100,9371400,9557500,9756700,13.505,13.029,11.342,10.707,9.379,7.704,9.534,8.48,7.139,6.762,6.137,5.789,5.176,4.723,4.14,3.917,3.731,4.169,4.812,3.695,3.389
Italy,ITA,24218787,24606509,24448131,24509227,24473855,24816663,24612153,24546580,24567360,25127011,25287655,25689865,25654398,25932536,26103399,26164164,25907430,25126337,25087249,25342466,25668665,57313203,57685327,57969484,58143979,58438310,58826731,59095365,59277417,59379449,59539717,60233948,60789140,60730582,60627498,60536709,60421760,59729081,59438851,59133173,58940425,58761146,8.869,7.866,7.731,6.777,6.076,6.723,7.749,8.363,8.359,10.655,12.149,12.683,11.896,11.688,11.211,10.61,9.952,9.164,9.497,8.069,7.618
Jamaica,JAM,1187098,1202741,1215547,1227830,1240435,1253197,1228184,1213350,1239320,1256812,1299092,1331653,1409375,1408534,1436161,1443443,1487233,1453541,1516188,1516583,1559374,2651027,2664024,2676863,2689660,2701221,2711373,2722401,2733896,2746169,2759817,2773129,2784543,2794445,2802695,2808376,2811835,2813773,2820436,2827695,2827377,2825544,6.563,6.562,6.596,6.619,6.614,6.666,7.314,7.63,8.034,8.695,9.698,9.046,8.824,8.634,7.399,5.47,4.987,6.501,5.188,4.083,4.417
Japan,JPN,66836856,66578272,66666567,66782268,66892223,66726949,66456031,66231664,65813075,65518909,65768575,65973877,66061546,66669411,67225084,68386819,69045531,68898380,68881069,69113783,69349452,127718000,127761000,127773000,127854000,128001000,128063000,128047000,128070000,127833000,127629000,127445000,127276000,127141000,127076000,126972000,126811000,126633000,126261000,125681593,125124989,124516650,5.251,4.734,4.446,4.192,3.888,4.002,5.068,5.103,4.55,4.358,4.038,3.589,3.385,3.132,2.822,2.467,2.351,2.809,2.828,2.6,2.575
Jordan,JOR,1222762,1276711,1334683,1414284,1600354,1637732,1710771,1734495,1768822,1759866,1842302,2038462,2321528,2533543,2698786,2707735,2791809,2922682,2905249,3009098,3062800,5396117,5532423,5678534,6075548,6473457,6632873,6780493,6931258,7109980,7211863,7694814,8658026,9494246,9964656,10215381,10459865,10698683,10928721,11148278,11285869,11337052,14.5,14.619,14.8,14,13.1,12.7,12.9,12.5,12.9,12.2,12.6,11.9,13.075,15.275,18.12,18.257,16.801,19.213,19.837,18.2,17.944
Kazakhstan,KAZ,7751505,7852764,7926592,8071657,8262978,8502563,8642962,8725678,8798238,8857279,8913429,8968071,9019041,9066824,9113763,9164074,9226063,9183306,9402181,9487550,9587167,14909019,15012984,15147029,15308085,15484192,15776938,16092822,16321872,16557202,16792090,17035551,17288285,17542806,17794055,18037776,18276452,18513673,18755666,19191356,19634983,19900177,8.78,8.4,8.13,7.79,7.26,6.63,6.55,5.77,5.39,5.29,5.2,5.06,4.93,4.96,4.9,4.85,4.8,4.89,5.556,4.86,4.847
Kenya,KEN,13606235,14125163,14646884,15171370,15697007,16235546,16792371,17354366,17926485,18509902,19107609,19718332,20338656,20989035,21584016,22170317,22761544,23216615,24065691,24750308,25501846,33767122,34791836,35843010,36925253,38036793,39186895,40364444,41517895,42635144,43725806,44792368,45831863,46851488,47894670,48948137,49953304,50951450,51985780,53005614,54027487,55100586,2.86,2.836,2.739,2.678,2.65,2.752,2.813,2.793,2.706,2.686,2.764,2.768,2.763,2.757,3.54,4.284,5.014,5.621,5.693,5.805,5.682
"Korea, Dem. People's Rep.",PRK,13317729,13460245,13585222,13752011,13918220,14041864,14200502,14356047,14498304,14631733,14763271,14892585,15038607,15129331,15283296,15433647,15529009,15312602,15453092,15772130,15836683,23781707,23948930,24100982,24235761,24356506,24469047,24581509,24686435,24783789,24887770,25001819,25126131,25258015,25389611,25516321,25638149,25755441,25867467,25971909,26069416,26160821,3.13,3.079,3.032,2.997,2.98,2.906,2.895,2.825,2.903,2.92,2.93,2.883,2.902,2.925,2.846,2.784,2.838,3.029,3.134,2.965,3.004
"Korea, Rep.",KOR,23675016,24194814,24332457,24612208,24884098,25067295,25091241,25419751,25870939,26269374,26634430,27387622,27788180,28041851,28349693,28513895,28808833,28597159,28772631,29339606,29610896,47892330,48082519,48184561,48438292,48683638,49054708,49307835,49554112,49936638,50199853,50428893,50746659,51014947,51217803,51361911,51585058,51764822,51836239,51769539,51672569,51712619,3.348,3.42,3.482,3.254,3.013,2.959,3.363,3.324,2.992,2.812,2.747,3.082,3.546,3.65,3.653,3.824,3.746,3.931,3.639,2.857,2.642
Kuwait,KWT,1041698,1090323,1147001,1215844,1292050,1373722,1461758,1556530,1690072,1859490,2029027,2112205,2228983,2324359,2370836,2494915,2567952,2394743,2367558,2421525,2462920,2101506,2153481,2235403,2363409,2506769,2650930,2795550,2943356,3143825,3394663,3646518,3761584,3908743,4048085,4124904,4317185,4441100,4360444,4250114,4268873,4310108,1.3,1.7,1.457,1.3,1.5,1.75,1.64,1.82,2.056,2.234,2.476,2.9,2.2,2.16,2.223,2.198,2.239,3.535,2.997,2.124,2.076
Kyrgyz Republic,KGZ,2427652,2470925,2528580,2572456,2593261,2608596,2640619,2676093,2673208,2607894,2573499,2571657,2622926,2645170,2612632,2687029,2733412,2796440,2883559,3003649,3068644,5043300,5104700,5162600,5218400,5268400,5318700,5383300,5447900,5514600,5607200,5719600,5835500,5956900,6079500,6198200,6322800,6456200,6579900,6773400,6974900,7100800,2.165,2.26,2.358,2.462,2.558,2.639,2.738,2.856,2.962,3.07,3.146,3.253,3.346,3.466,3.568,3.673,4.252,4.63,4.096,4.055,4.038
Lao PDR,LAO,2114796,2160104,2210792,2266002,2323334,2378935,2432819,2483069,2532699,2581473,2630211,2680040,2729903,2779673,2829303,2879155,2930353,2960297,3008076,3106471,3173837,5689065,5768167,5852970,5946593,6041348,6135861,6229930,6323418,6416327,6508803,6600742,6691454,6787419,6891363,6997917,7105006,7212053,7319399,7425057,7529475,7633779,1.646,1.503,1.35,1.198,1.066,0.941,0.833,0.708,1.055,1.398,1.755,2.117,2.491,2.88,3.269,2.896,2.528,2.314,1.997,1.209,1.181
Latvia,LVA,1101201,1101406,1094452,1121857,1137565,1150923,1105823,1059977,1033395,1039903,1021195,1006638,1009906,1004171,999649,1000243,988868,988585,956869,969623,977523,2287955,2263122,2238799,2218357,2200325,2177322,2141669,2097555,2059709,2034319,2012647,1993782,1977527,1959537,1942248,1927174,1913822,1900449,1884490,1879383,1881750,12.061,11.708,10.033,7.03,6.052,7.739,17.515,19.482,16.206,15.047,11.867,10.846,9.873,9.643,8.715,7.412,6.312,8.098,7.513,6.815,6.534
Lebanon,LBN,1390096,1423158,1451911,1482793,1517001,1570250,1618641,1660064,1702170,1772391,1970051,2204614,2262668,2213003,2160129,2104271,2045681,1807359,1839833,1813059,1771423,4504807,4574797,4643044,4719864,4809608,4887613,4951135,4995800,5045056,5178337,5678851,6274342,6398940,6258619,6109252,5950839,5781907,5662923,5592631,5489739,5353930,8.048,7.85,8.247,8.669,8.98,7.665,6.355,6.77,7.333,7.91,8.423,8.796,9.27,9.76,10.236,10.741,11.301,13.235,12.621,11.599,11.565
Lesotho,LSO,875148,869678,863588,860246,860542,862430,864041,865440,867543,870326,873464,883253,893378,905316,918013,931413,944955,950348,962878,989846,1004025,1993030,1985384,1977424,1976780,1983465,1995014,2009169,2022747,2037677,2054718,2073939,2095242,2118521,2143872,2170617,2198017,2225702,2254100,2281454,2305825,2330318,16.019,16.121,15.994,16.02,15.905,15.812,16.089,16.044,16.098,15.733,15.907,16.056,16.223,16.139,16.391,16.637,16.876,18.351,18.129,16.668,16.46
Liberia,LBR,1369017,1382261,1442193,1521510,1595172,1659936,1712607,1761778,1844453,1919299,1956885,1995521,2037859,2082707,2126267,2172641,2222981,2261533,2338007,2417780,2498590,3085173,3122447,3266318,3455397,3632740,3783887,3905066,4019956,4181150,4331740,4427313,4519398,4612329,4706097,4796631,4889391,4985289,5087584,5193416,5302681,5418377,2.406,2.412,2.403,2.274,2.223,2.211,2.236,2.266,2.208,2.138,2.072,2.079,2.553,3.081,3.066,3.057,3.072,4.092,3.792,2.99,2.939
Libya,LBY,1797502,1857720,1917864,1973136,2025143,2078090,2129497,2178451,2038177,1894791,1939404,1982647,2018817,2056298,2099059,2146167,2192333,2160986,2222452,2326941,2397855,5542641,5687563,5837986,5973369,6097177,6228370,6360191,6491988,6188132,5869870,5985221,6097764,6192235,6282196,6378261,6477793,6569088,6653942,6735277,6812341,6888388,19.002,18.873,18.613,18.744,18.708,18.953,19.18,19.208,19.43,19.03,19.316,19.298,19.649,19.5,19.015,18.836,19.037,19.535,19.595,19.319,18.743
Lithuania,LTU,1676587,1585377,1545558,1501795,1500407,1500975,1507231,1483908,1477415,1469043,1461653,1473507,1465455,1475011,1461249,1466791,1470500,1478716,1468048,1489419,1509766,3415213,3377075,3322528,3269909,3231294,3198231,3162916,3097282,3028115,2987773,2957689,2932367,2904910,2868231,2828403,2801543,2794137,2794885,2800839,2831639,2871897,12.875,10.684,8.325,5.78,4.25,5.826,13.785,17.814,15.39,13.365,11.77,10.698,9.12,7.862,7.073,6.147,6.255,8.487,7.112,5.956,6.962
Luxembourg,LUX,198677,204896,210533,214872,219204,224282,237839,240833,246661,258659,268091,278241,285050,286784,296430,305430,315771,322041,333257,338747,351903,451630,458095,465158,472637,479993,488650,497783,506953,518347,530946,543360,556319,569604,582014,596336,607950,620001,630419,640064,653103,668606,3.675,5.113,4.488,4.731,4.065,5.06,5.122,4.361,4.902,5.14,5.848,5.852,6.669,6.291,5.522,5.585,5.595,6.773,5.247,4.585,5.188
"Macao SAR, China",MAC,228595,242717,258031,276694,299524,315892,327792,338660,352684,359270,365781,374705,378525,379880,384274,391158,395161,390747,399806,401157,406588,462533,475529,488619,501863,515330,529038,543021,557297,571003,582766,593374,604167,615239,626688,638609,650991,663653,676283,686607,695168,704149,5.995,4.905,4.158,3.822,3.27,2.999,3.58,2.84,2.56,1.97,1.82,1.67,1.81,1.939,1.987,1.834,1.749,2.566,2.252,2.476,2.246
Madagascar,MDG,8470330,8745514,9031778,9336798,9653351,9981264,10322072,10675098,11039128,11412154,11791420,12174101,12558421,12935229,13321070,13715256,14118618,14403570,14889869,15363211,15829771,17724310,18250774,18792171,19350299,19924958,20513599,21117092,21731053,22348158,22966240,23588073,24215976,24850912,25501941,26169542,26846541,27533134,28225177,28915653,29611714,30325732,5.01,3.952,2.62,2.945,3.2,3.428,3.883,4.28,2.518,0.599,0.995,1.385,1.785,1.944,2.113,2.289,2.46,3.246,3.415,3.186,3.061
Malawi,MWI,5314368,5444518,5581621,5646652,5711029,5769964,5824618,5880939,5937747,6035605,6139893,6251150,6368179,6490270,6618516,6896854,7191761,7444101,7724172,8071869,8366090,12087965,12411342,12755648,13118307,13495463,13889423,14298932,14718422,15146094,15581251,16024775,16477966,16938942,17405624,17881167,18367883,18867337,19377061,19889742,20405317,20931751,5.151,4.958,4.931,4.95,4.876,4.801,4.74,4.787,4.835,4.951,4.978,4.966,4.95,5.003,5.033,5.003,4.949,5.681,5.585,5.051,5.044
Malaysia,MYS,10199219,10502969,10820229,11150446,11495326,11759285,12181257,12521773,13097899,13645753,14299077,14684559,15045055,15327169,15658484,16042818,16435873,16627612,16996006,17129366,17307639,24739411,25333247,25923536,26509413,27092604,27664296,28217204,28717731,29184133,29660212,30134807,30606459,31068833,31526418,31975806,32399271,32804020,33199993,33573874,33938221,34308525,3.61,3.54,3.53,3.32,3.23,3.32,3.66,3.39,3.05,3.1,3.16,2.88,3.1,3.44,3.41,3.3,3.26,4.54,4.64,3.93,3.855
Maldives,MDV,103243,106760,110259,114853,120876,127162,133288,142505,151786,161070,170346,181104,193444,205847,221221,236538,250805,240220,251908,260823,260231,297226,302135,307018,314401,325126,336883,349037,361575,374440,387539,400728,416738,435582,454252,472442,489758,504508,514438,521457,523787,521021,5.201,6.256,7.394,8.478,9.537,10.515,11.697,10.851,10.01,9.142,8.298,7.461,6.612,5.77,5.376,4.959,4.562,5.404,5.021,4.424,4.127
Mali,MLI,4651362,4805153,4959319,5119814,5283861,5448863,5613820,5779337,5951575,6095674,6247049,6436912,6630544,6779839,6940330,7086488,7234270,7330108,7607191,7957741,8276658,12342165,12751995,13180551,13623541,14080912,14551117,15032635,15529181,16039734,16514687,17004033,17551814,18112907,18700106,19311355,19934298,20567424,21224040,21904983,22593590,23293698,1.206,1.36,1.325,1.384,1.366,1.394,1.398,1.382,1.408,1.49,1.54,1.492,1.406,1.367,1.494,1.62,2.414,3.528,2.29,3.09,3.008
Malta,MLT,160977,158535,161896,163771,167554,169512,171711,175569,179957,187153,196571,205554,212910,222635,233766,250469,265572,275724,282572,294774,313357,398582,401268,403834,405308,406724,409379,412477,414508,416268,420028,425967,434558,445053,455356,467999,484630,504062,515332,518536,531113,553214,7.488,7.317,6.923,6.798,6.472,5.977,6.896,6.861,6.388,6.203,6.115,5.737,5.389,4.694,4.008,3.665,3.627,4.357,3.403,2.929,3.125
Mauritania,MRT,734458,748181,762581,777789,794105,812914,833058,852255,870528,888042,901566,917505,934016,951251,969240,998331,1028733,1051969,1080558,1134631,1178602,2883326,2946575,3012360,3081229,3153508,3233336,3322616,3419461,3524249,3636113,3742959,3843174,3946220,4051890,4160015,4270712,4383849,4498604,4614974,4736139,4862989,9.817,9.696,9.538,9.287,9.455,9.681,10.155,10.054,9.956,9.865,9.931,10.03,10.109,10.286,10.336,10.438,10.416,11.01,11.068,10.602,10.512
Mauritius,MUS,545848,535573,544955,548135,546240,552776,559155,571591,567989,575615,590490,597842,606421,603463,610015,607684,616374,578873,551754,583049,588041,1213370,1221003,1228254,1233996,1239630,1244121,1247429,1250400,1252404,1255882,1258927,1261208,1262879,1263747,1264887,1265577,1265985,1266014,1266334,1262523,1261041,8.314,8.337,9.524,9.04,8.475,7.17,7.257,7.654,7.447,7.472,7.322,7.467,7.41,6.814,6.752,6.427,6.331,8.627,7.719,6.322,6.057
Mexico,MEX,40436874,41700422,43124092,44563447,45486346,46141022,46933484,47714802,48766229,50313010,51144538,51654365,52724092,53567895,54292612,55360235,56818605,53137902,56993986,58718432,60042318,102429341,103945813,105442402,106886790,108302973,109684489,111049428,112532401,114150481,115755909,117290686,118755887,120149897,121519221,122839258,124013861,125085311,125998302,126705138,127504125,128455567,3.455,3.937,3.558,3.566,3.628,3.874,5.356,5.303,5.175,4.892,4.921,4.819,4.311,3.853,3.419,3.275,3.477,4.441,4.019,3.256,2.812
Moldova,MDA,1324375,1280253,1278113,1358014,1378453,1397558,1424025,1487441,1513085,1524520,1536144,1626652,1628800,1595416,1525974,1465932,1487366,1475366,1509428,1485845,1464169,2903198,2896023,2888985,2880967,2874299,2868833,2865213,2862354,2860699,2860324,2859558,2857815,2835978,2803186,2755189,2707203,2664224,2635130,2595809,2538894,2486891,6.378,6.374,5.633,4.26,2.749,2.097,3.024,2.972,2.677,2.19,1.894,1.451,1.781,1.591,1.622,1.239,1.502,1.206,0.794,0.909,1.623
Mongolia,MNG,1029272,1053791,1077414,1099078,1118127,1105129,1121694,1153589,1195069,1203558,1210993,1241618,1254113,1248388,1282474,1296309,1388801,1359751,1327149,1389489,1402844,2516454,2537949,2559255,2581242,2605643,2633887,2666713,2702520,2743938,2792349,2845153,2902823,2964749,3029555,3096030,3163991,3232430,3294335,3347782,3398366,3447157,6.768,6.852,7.015,7.193,7.2,5.565,5.86,6.549,4.769,3.905,4.231,4.798,4.861,7.235,6.359,5.377,9.269,6.594,7.747,6.211,6.134
Montenegro,MNE,238747,239452,240065,240240,240744,241322,242945,243784,244506,251895,252989,266788,272361,276767,277876,284888,292098,271119,276234,284490,285512,612267,613353,614261,615025,615875,616969,618294,619428,620079,620601,621207,621810,622159,622303,622373,622227,622028,621306,619211,617213,616177,30.318,30.315,30.31,24.843,19.4,17.15,19.09,19.649,19.759,19.808,19.585,18.054,17.555,17.732,16.082,15.19,15.128,17.878,16.543,15.288,15.254
Morocco,MAR,10184411,10395656,10618681,10841391,11058308,11268009,11361433,11445798,11533785,11546217,11708832,11827998,11854873,11796246,11696824,11926569,12161541,11951801,12285624,12182515,12284010,29661270,30033125,30431902,30833022,31232633,31634992,32042877,32464865,32903699,33352169,33803527,34248603,34680458,35107264,35528115,35927511,36304408,36688772,37076584,37457971,37840044,11.92,10.83,11.01,9.67,9.56,9.57,8.96,9.09,8.91,8.99,9.23,9.7,9.46,9.3,9.229,9.282,9.21,11.203,10.539,9.53,9.114
Mozambique,MOZ,8739807,8925284,9114106,9304311,9503272,9704963,9909785,10136050,10392301,10678295,10991654,11326670,11678215,12098571,12527179,12938717,13352327,13664108,14105884,14692946,15191227,19186754,19694411,20211114,20735982,21280513,21845571,22436660,23073723,23760421,24487611,25251731,26038704,26843246,27696493,28569441,29423878,30285595,31178239,32077072,32969518,33897354,2.869,2.958,3.029,3.027,3.065,3.095,3.182,3.24,3.279,3.305,3.338,3.378,3.426,3.48,3.543,3.602,3.632,3.877,3.984,3.621,3.535
Myanmar,MMR,22785706,22864534,22936884,23010264,23098783,23190340,23281426,23425673,23653727,23865743,24061830,24256532,24454335,24239329,24004375,24412306,23943305,24060818,22303449,22526660,22884069,46924293,47338446,47724471,48088274,48445647,48729486,49015836,49390988,49794522,50218185,50648334,51072436,51483949,51892349,52288341,52666014,53040212,53423198,53798084,54179306,54577997,0.683,0.678,0.67,0.669,0.673,0.684,0.696,0.707,0.723,0.742,0.753,0.749,0.766,1.043,1.356,0.767,0.407,1.476,4.34,2.83,2.841
Namibia,NAM,623518,639729,657389,676327,695564,714935,734219,753051,771227,789420,862767,867194,881284,895063,899482,903161,918680,915520,938865,968424,988727,1915425,1939406,1962865,1986558,2011492,2038552,2067919,2099271,2132340,2167470,2204510,2243001,2282704,2323352,2364534,2405680,2446644,2489098,2530151,2567012,2604172,22.068,22.09,22.105,21.861,22.11,22.004,22.253,22.12,19.479,16.771,19.028,18.521,20.799,23.352,21.739,19.877,19.945,20.966,20.877,19.748,19.422
Nepal,NPL,6312468,6414070,6507057,6604709,6692357,6775944,6858521,6942401,7014343,7075931,7135041,7203131,7291304,7456083,7643767,7831309,8020290,8167299,8481802,8740707,8937228,25682908,26003965,26285110,26518971,26713655,26881544,27026941,27161567,27266399,27330694,27381555,27462106,27610325,27861186,28183426,28506712,28832496,29348627,30034989,30547580,30896590,10.677,10.68,10.652,10.659,10.672,10.65,10.64,10.629,10.653,10.654,10.667,10.647,10.655,10.684,10.66,10.63,10.578,13.157,12.315,10.922,10.685
Netherlands,NLD,8561053,8618836,8457142,8508765,8674930,8830188,8909191,8887012,8900853,9013873,9054383,9031991,9095975,9128587,9194515,9309225,9466453,9502134,9620091,9793778,9998892,16225302,16281779,16319868,16346101,16381696,16445593,16530388,16615394,16693074,16754962,16804432,16865008,16939923,17030314,17131296,17231624,17344874,17441500,17533044,17700982,17879488,3.593,4.646,5.873,5.002,4.153,3.654,4.347,4.989,4.977,5.821,7.243,7.416,6.873,6.006,4.839,3.831,3.38,3.819,4.21,3.524,3.561
New Caledonia,NCL,104428,106291,108456,110811,112964,114986,116892,119234,121920,124548,127142,129509,128247,126568,124736,122671,120317,120505,119056,119298,119284,225296,228750,232250,235750,239250,242750,245950,249750,254350,259000,263650,268050,269460,270220,270810,271170,271240,271080,270390,269215,267940,16.719,16.31,15.77,15.238,14.758,14.368,13.97,13.95,13.937,14.053,14.348,14.59,13.637,12.714,11.676,11.702,10.881,13.558,12.537,11.291,11.22
New Zealand,NZL,2079431,2137480,2194674,2246222,2279860,2300955,2318533,2339998,2373473,2380183,2395429,2474895,2535320,2642836,2740052,2794483,2834203,2893601,2934771,2966709,3068205,4027200,4087500,4133900,4184600,4223800,4259800,4302600,4350700,4384000,4408100,4442100,4516500,4609400,4714100,4813600,4900600,4979200,5090200,5111300,5117200,5223100,4.745,4.005,3.807,3.857,3.661,4.167,6.121,6.557,6.491,6.931,5.839,5.428,5.415,5.147,4.736,4.335,4.109,4.595,3.776,3.297,3.737
Nicaragua,NIC,1999339,2054614,2112705,2174516,2238782,2305228,2373348,2442683,2512841,2583025,2652874,2722579,2784302,2845599,2907286,2954104,2999937,3024864,3085985,3189118,3264024,5323062,5386223,5454678,5529811,5607453,5687744,5770639,5855734,5942553,6030607,6119379,6208676,6298598,6389235,6480532,6572233,6663924,6755895,6850540,6948392,7046310,7.6,6.41,5.37,5.31,4.89,6.2,8.16,7.83,6.617,5.208,5.28,4.52,4.7,3.9,3.3,5.2,5.47,6.167,6.064,4.978,4.795
Niger,NER,5331429,5503112,5682643,5874407,6073979,6283131,6502984,6735970,6985581,7084004,7172557,7242882,7529178,7833807,8143193,8459492,8786279,9039998,9369232,9832619,10237246,12900790,13366885,13855221,14365168,14897873,15455175,16037915,16647543,17283112,17954407,18653199,19372014,20128124,20921743,21737922,22577058,23443393,24333639,25252722,26207977,27202843,2.146,2.748,3.1,2.532,2.027,1.59,1.212,0.721,0.317,2.177,1.4,0.524,0.558,0.555,0.564,0.546,0.544,0.62,0.819,0.552,0.55
Nigeria,NGA,45272336,46430372,47608583,48843470,50107991,51406232,52747992,54153463,55649284,56878596,58122761,59530047,60960864,62454314,64052256,65702232,67373496,68632664,70911721,73389347,75721345,133119801,136756848,140490722,144329764,148294028,152382506,156595758,160952853,165463745,170075932,174726123,179379016,183995785,188666931,193495907,198387623,203304492,208327405,213401323,218541212,223804632,3.594,3.556,3.69,3.718,3.767,3.771,3.751,3.739,3.77,3.76,3.711,3.903,4.137,4.498,4.826,5.065,5.206,5.712,5.393,3.827,3.074
North Macedonia,MKD,864605,859493,852946,849786,868032,875920,876986,853698,876465,872718,882258,883831,877663,873376,873278,865347,868918,847734,834513,815375,801197,2022725,2016186,2005330,1994287,1982933,1971493,1958782,1946298,1937398,1929821,1922716,1917557,1912430,1906313,1898657,1889051,1876262,1856124,1837114,1831712,1811980,36.69,37.161,37.32,36.392,35.231,33.93,32.351,33.135,31.502,31.096,29.017,28.215,26.395,24.312,22.857,21.208,17.414,16.575,15.801,14.477,13.075
Norway,NOR,2413366,2426708,2438585,2466712,2525906,2603060,2599655,2605230,2626987,2673469,2699916,2724239,2762042,2769692,2760886,2796121,2825244,2832047,2965991,2981183,3009339,4564855,4591910,4623291,4660677,4709153,4768212,4828726,4889252,4953088,5018573,5079623,5137232,5188607,5234519,5276968,5311916,5347896,5379475,5408320,5457127,5519594,4.221,4.256,4.381,3.399,2.493,2.55,3.103,3.521,3.215,3.123,3.423,3.484,4.296,4.679,4.162,3.8,3.687,4.422,4.369,3.233,3.581
Oman,OMN,879567,909832,947682,988717,1032721,1079250,1127703,1271697,1518006,1778911,2003105,2140011,2259888,2403188,2487119,2491968,2440790,2239957,2198742,2261053,2315787,2431600,2468855,2515192,2560649,2605700,2651028,2697537,2881914,3206870,3535579,3816680,4009267,4191776,4398070,4541854,4601157,4602768,4543399,4520471,4576298,4644384,4.653,4.756,4.64,4.391,4.3,4.142,3.991,3.925,3.928,3.727,3.516,3.43,3.392,3.266,2.524,1.8,2.052,2.94,1.9,1.514,1.46
Pakistan,PAK,49107668,50663082,51747302,52830352,54353926,55924956,58053611,60255359,61545907,63271852,64802508,65271548,67587826,68081288,68740238,69627363,71922561,73715942,76944640,78863081,80989797,166876680,170648620,174372098,178069984,181924521,185931955,190123222,194454498,198602738,202205861,205337562,208251628,210969298,213524840,216379655,219731479,223293280,227196741,231402117,235824862,240485658,0.595,0.588,0.582,0.582,0.398,0.423,0.535,0.653,0.796,3.667,2.954,1.827,3.566,2.286,3.193,4.083,4.83,6.162,6.338,5.548,5.499
Panama,PAN,1373404,1414864,1452458,1464039,1494155,1564790,1611067,1618269,1611450,1689370,1744928,1778532,1813736,1859078,1885561,1966334,2041466,1929211,1996749,2049663,2095776,3181608,3243311,3305868,3368573,3431614,3495276,3559343,3623617,3688674,3754862,3821556,3888793,3957099,4026336,4096063,4165255,4232532,4294396,4351267,4408581,4468087,6.393,6.171,6.041,5.849,5.743,5.704,5.849,5.873,4.049,3.717,3.707,4.415,4.37,4.758,5.395,5.218,6.332,14.183,10.453,8.202,6.701
Papua New Guinea,PNG,2422277,2422895,2416370,2402441,2381204,2353265,2318777,2277473,2356040,2427646,2501036,2557241,2626351,2697995,2774084,2858747,2931028,2981624,3042793,3167368,3228808,6090980,6293166,6498818,6708217,6921066,7137988,7358890,7583269,7806637,8026545,8245627,8464153,8682174,8899169,9114796,9329227,9542486,9749640,9949437,10142619,10329931,2.627,2.524,2.386,2.286,2.171,2.168,2.088,2.002,2.62,2.627,2.682,2.524,2.487,2.453,2.544,2.604,2.599,2.814,2.906,2.689,2.651
Paraguay,PRY,2267090,2446688,2461218,2396833,2509178,2575798,2638058,2619723,2683834,2878115,2881571,2860692,2916241,3061166,3127278,3257519,3336159,3285517,3422166,3404325,3468731,5353254,5416324,5476878,5534675,5590145,5645148,5702574,5768613,5843939,5923322,6005652,6090721,6177950,6266615,6355404,6443328,6530026,6618695,6703799,6780744,6861524,6.814,6.513,4.825,5.277,4.713,4.415,5.46,4.569,4.67,4.086,4.385,5.034,4.556,5.255,6.138,6.217,6.595,7.548,7.311,6.755,5.779
Peru,PER,13164270,13601183,14024859,14824999,15442460,15644447,15918391,16255080,16342847,16520323,16618192,16683502,16688971,16861950,17556265,18029865,18527166,16830784,17866091,18268448,18529435,27623341,27893911,28147267,28381078,28600387,28806185,29009326,29229572,29477721,29749589,30038809,30353951,30711863,31132779,31605486,32203944,32824861,33304756,33715471,34049588,34352719,4.15,4.71,4.87,4.17,4.08,4.03,3.96,3.6,3.477,3.238,3.575,3.208,3.272,3.741,3.691,3.492,3.379,7.179,5.097,3.85,4.82
Philippines,PHL,31926684,32900743,33734285,34451252,35217804,36018856,37171260,38081598,39490704,40075145,40789298,42179845,42622144,43756699,42974771,43800369,45091808,42419079,44606252,47871825,49477060,82942837,84607501,86261250,87901835,89561377,91252326,92946951,94636700,96337913,98032317,99700107,101325201,103031365,104875266,106738501,108568836,110380804,112190977,113880328,115559009,117337368,3.527,3.554,3.795,4.052,3.434,3.72,3.858,3.605,3.592,3.504,3.497,3.6,3.068,2.695,2.552,2.338,2.237,2.522,3.398,2.598,2.233
Poland,POL,17342507,17315015,17594853,17372553,17358009,17577553,17842910,18055100,18149148,18268758,18287361,18392967,18332404,18371736,18432689,18388899,18327422,18245536,18519217,18300937,18387400,38204570,38182222,38165445,38141267,38120560,38125759,38151603,38042794,38063255,38063164,38040196,38011735,37986412,37970087,37974826,37974750,37965475,37899070,37747124,36821749,36685849,19.37,19.074,17.746,13.841,9.602,7.118,8.167,9.637,9.632,10.088,10.326,8.99,7.501,6.161,4.888,3.846,3.277,3.162,3.363,2.886,2.905
Portugal,PRT,5442325,5418926,5464806,5500215,5534266,5535756,5490080,5491635,5428758,5385170,5289169,5231791,5204013,5187357,5226891,5242420,5264058,5166305,5190888,5295941,5418819,10458821,10483861,10503330,10522288,10542964,10558177,10568247,10573100,10557560,10514844,10457295,10401062,10358076,10325452,10300300,10283822,10286263,10297081,10361831,10409704,10525347,6.132,6.319,7.582,7.649,7.966,7.553,9.432,10.771,12.682,15.531,16.188,13.897,12.447,11.068,8.869,6.994,6.464,6.796,6.577,6.011,6.491
Puerto Rico,PRI,1376613,1383557,1420952,1410225,1378315,1339258,1292063,1254403,1206301,1196082,1187213,1173302,1158495,1147690,1126376,1102879,1119726,1146586,1142991,1159434,1154152,3826095,3826878,3821362,3805214,3782995,3760866,3740410,3721525,3678732,3634488,3593077,3534874,3473232,3406672,3325286,3193354,3193694,3281557,3262693,3220113,3205691,11.78,10.31,11.35,11.01,10.93,11.48,15,16.1,15.7,14.5,14.3,13.9,12,11.8,10.8,9.2,8.3,8.89,7.9,6,5.962
Qatar,QAT,475608,492716,549720,695701,885428,1062879,1200173,1279336,1339473,1405646,1498732,1645653,1816808,1960463,2045789,2081887,2095831,2047230,1984481,2011040,2035269,748525,777943,848710,1015060,1231893,1444277,1610274,1713504,1804171,1905660,2035501,2214465,2414573,2595166,2711755,2766732,2807235,2760385,2688235,2695122,2716391,0.87,0.87,0.87,0.87,0.52,0.31,0.31,0.45,0.56,0.48,0.28,0.2,0.17,0.15,0.14,0.11,0.1,0.14,0.14,0.13,0.13
Romania,ROU,10032640,9978945,9663356,9809182,9637035,9432554,9338466,9351118,9173378,9217871,9175559,9205404,9108577,8915255,9055160,8999055,8972261,8908333,8200518,8295738,8282417,21574326,21451748,21319685,21193760,20882982,20537875,20367487,20246871,20147528,20058035,19983693,19908979,19815616,19702267,19588715,19473970,19371648,19265250,19122059,19047009,19056116,6.95,7.719,7.174,7.27,6.413,5.788,6.859,6.959,7.177,6.794,7.096,6.802,6.812,5.901,4.927,4.187,3.912,5.035,5.59,5.614,5.595
Russian Federation,RUS,72836706,73604595,74017719,74391175,75368783,75918125,75954036,75870233,76104185,76005341,75771697,75645949,75405173,75532228,75021883,74975854,74132155,73659292,74031444,73798702,72407755,144648618,144067316,143518814,143049637,142805114,142742366,142785348,142849468,143018195,143378447,143805638,144237223,144640716,145015460,145293260,145398106,145453291,145245148,144746762,144236933,143826130,8.21,7.763,7.124,7.055,6.002,6.205,8.301,7.369,6.536,5.436,5.458,5.16,5.571,5.559,5.212,4.846,4.496,5.589,4.715,3.867,3.325
Rwanda,RWA,2973317,3065626,3156247,3246564,3338113,3432795,3531582,3634667,3742091,3843592,3940667,4042727,4152421,4270759,4399260,4529017,4519469,4997956,4782164,5100154,5283082,8567992,8791853,9026299,9270066,9523168,9781996,10043737,10309031,10576932,10840334,11101350,11368451,11642959,11930899,12230339,12531808,12835028,13146362,13461888,13776698,14094683,11.751,11.78,11.901,11.669,11.661,11.601,11.694,11.7,11.801,11.72,11.802,11.858,11.849,11.805,11.875,10.759,11.236,11.829,15.793,15.085,14.932
Samoa,WSM,60378,60611,60902,61481,61992,62711,63706,64460,65054,66037,66849,67605,68129,68515,69251,70143,70843,71346,72959,75463,76895,187440,188073,188626,189379,190478,191787,193176,194672,196351,198124,199939,201757,203571,205544,207630,209701,211905,214929,218764,222382,225681,5.04,5.165,5.214,5.323,5.426,5.538,5.646,5.62,5.68,8.752,8.772,8.72,8.9,9.062,9.4,9.512,9.601,10.214,10.368,9.923,9.747
Sao Tome and Principe,STP,48352,49688,51047,52298,53537,54770,56019,57294,58619,59818,60884,61970,63092,64262,65490,66758,68083,69308,71873,74171,76394,153762,157697,161680,165725,169845,174004,178128,182138,186044,189924,193757,197497,201124,204632,208036,211344,214599,218641,223107,227380,231856,16.36,16.12,16.47,16.65,16.098,15.573,15.4,14.66,14.196,13.59,13.711,13.619,13.598,13.65,13.811,13.878,13.998,15.183,15.042,14.115,14.208
Saudi Arabia,SAU,7948017,8227971,8558784,8989951,9448425,9918243,10384920,11036836,11614140,12176429,12635859,12977992,13441489,13967604,13926541,14523667,15485557,15995144,16336779,16617140,16933906,23150847,23661808,24397644,25382870,26400068,27437353,28483797,29411929,30150945,30821543,31482498,32125564,32749848,33416270,34193122,35018133,35827362,35997107,35950396,36408820,36947025,5.563,5.822,6.051,6.254,5.734,5.085,5.377,5.55,5.77,5.622,5.6,5.877,5.6,5.6,5.89,6.029,5.636,7.45,6.621,5.589,4.88
Senegal,SEN,2954501,3031625,3111556,3195593,3250174,3304930,3359706,3414678,3470634,3527583,3585375,3646878,3713527,4215630,3989175,4408782,4679043,4782834,4993873,5123718,5257332,10434504,10698691,10974057,11263387,11563869,11872929,12195029,12530121,12875880,13231833,13595566,13970308,14356181,14751356,15157793,15574909,16000781,16436120,16876720,17316449,17763163,2.774,2.77,2.685,2.755,2.796,2.813,2.807,2.798,2.853,3.887,4.989,5.842,6.757,4.455,4.078,3.567,2.863,3.405,3.368,2.968,2.93
Serbia,SRB,3433498,3404868,3381701,3361676,3362384,3311451,3190566,3103533,3091745,3108558,3157875,3171544,3135688,3229602,3256850,3275646,3272110,3218733,3396557,3372773,3333428,7480591,7463157,7440769,7411569,7381579,7350222,7320807,7291436,7234099,7199077,7164132,7130576,7095383,7058322,7020858,6982604,6945235,6899126,6834326,6664449,6618026,15.2,18.5,20.85,20.85,18.06,13.67,16.116,19.204,22.959,24,22.154,19.223,17.66,15.257,13.477,12.733,10.395,9.011,10.061,8.684,8.683
Sierra Leone,SLE,1938951,2051698,2081503,2101604,2122149,2150083,2183363,2218455,2252288,2285506,2318440,2351170,2391699,2433870,2476830,2518499,2590128,2642106,2717703,2829083,2912540,5350907,5533329,5683334,5809774,5939163,6090860,6259842,6436698,6612385,6788587,6964859,7140688,7314773,7493913,7677565,7861281,8046828,8233970,8420641,8605718,8791092,3.879,3.42,3.724,3.9,4.018,4.14,4.282,4.427,4.554,4.56,4.538,4.678,4.621,4.312,3.848,3.193,3.204,3.485,3.516,3.194,3.174
Singapore,SGP,2194671,2234837,2330005,2454545,2556969,2765886,2884413,2990900,3073730,3185075,3244474,3339133,3437533,3480133,3474178,3471429,3527441,3511798,3418165,3540908,3619025,4114826,4166664,4265762,4401365,4588599,4839396,4987573,5076732,5183688,5312437,5399162,5469724,5535002,5607283,5612253,5638676,5703569,5685807,5453566,5637022,5917648,5.93,5.84,5.59,4.48,3.9,3.96,5.86,4.12,3.89,3.72,3.86,3.74,3.79,4.08,4.2,3.613,3.1,4.1,4.64,3.591,3.472
Slovak Republic,SVK,2654467,2666688,2656460,2655911,2656117,2689387,2679233,2690040,2684551,2709630,2717943,2739490,2740515,2760482,2755144,2746932,2742063,2712322,2773127,2814741,2823082,5373374,5372280,5372807,5373054,5374622,5379233,5386406,5391428,5398384,5407579,5413393,5418649,5423801,5430798,5439232,5446771,5454147,5458827,5447247,5431752,5426740,17.55,18.206,16.276,13.395,11.16,9.514,12.023,14.387,13.634,13.966,14.227,11.537,11.492,9.679,8.142,6.544,5.761,6.719,6.894,6.143,5.84
Slovenia,SVN,961118,1006459,1016078,1022037,1035912,1033690,1041583,1040408,1019339,1013066,1007387,1014398,1007275,994139,1025695,1035268,1028736,1030278,1045561,1055916,1055488,1995733,1997012,2000474,2006868,2018122,2021316,2039669,2048583,2052843,2057159,2059953,2061980,2063531,2065042,2066388,2073894,2088385,2102419,2108079,2111986,2120937,6.481,6.017,6.515,5.957,4.828,4.379,5.869,7.248,8.182,8.852,10.116,9.692,8.975,8.007,6.573,5.116,4.448,4.974,4.747,4.013,3.627
Solomon Islands,SLB,226125,231621,237304,243133,249090,254981,261602,267773,274476,282266,289781,298221,306843,314911,323217,331935,341348,347558,357421,371572,382330,461216,471785,482486,493430,504619,516001,527833,540394,553721,567763,582365,597375,612660,628102,643634,659249,674993,691191,707851,724273,740424,2.256,2.015,1.879,1.915,1.975,1.996,2.02,1.622,1.297,0.987,0.694,0.728,0.735,0.735,0.727,0.723,0.746,0.852,0.866,1.579,1.545
Somalia,SOM,1772217,1832815,1887008,1934334,1987155,2046356,2100606,2155063,2192517,2232868,2304763,2383988,2463102,2555824,2657433,2755958,2858312,2935354,3038348,3163183,3276784,9758281,10117354,10467292,10784973,11118092,11444870,11730037,12026649,12216837,12440326,12852485,13309235,13763906,14292847,14864221,15411094,15981300,16537016,17065581,17597511,18143378,18.914,18.846,18.873,18.9,18.834,18.88,18.926,18.973,19.021,19.078,18.995,18.847,18.444,18.372,18.545,18.783,18.828,19.35,19.553,19.128,19.027
South Africa,ZAF,19692815,20050904,20382896,20703758,21021772,21338378,21088301,19990943,21055801,21285409,21678833,21981198,23120551,23430091,23776332,23771537,24142655,22920638,23621462,24366735,25158403,48104048,48556071,49017147,49491756,49996094,50565812,51170779,51784921,52443325,53145033,53873616,54729551,55876504,56422274,56641209,57339635,58087055,58801927,59392255,59893885,60414495,19.728,19.634,19.557,19.425,19.39,19.507,20.512,23.181,21.416,21.786,22.038,22.606,22.869,24.023,23.992,24.218,25.538,24.339,28.77,28.838,27.988
South Sudan,SSD,2637516,2773355,2935072,3114043,3307335,3507313,3700563,3937928,4197824,4403391,4569432,4553193,4474603,4347111,4064670,3899717,3949889,4036748,4172935,4319134,4471289,6992367,7317118,7662654,8029517,8417823,8823888,9229227,9714419,10243050,10701604,11106031,11213284,11194299,11066105,10658226,10395329,10447666,10606227,10748272,10913164,11088796,12.118,12.142,12.145,12.137,12.121,12.15,12.319,12.35,12.48,12.754,12.578,12.462,12.355,12.876,13.079,12.918,12.642,14.204,13.868,12.395,12.271
Spain,ESP,19731180,20419303,21197697,21880145,22508326,23150283,23364217,23482007,23558862,23569775,23332032,23091303,23036096,22977372,22897891,22930164,23139046,22838137,23384158,23687273,24107955,42187645,42921895,43653155,44397319,45226803,45954106,46362946,46576897,46742697,46773055,46620045,46480882,46444832,46484062,46593236,46797754,47134837,47365655,47415794,47778340,48373336,11.283,11.09,9.146,8.452,8.232,11.255,17.857,19.86,21.391,24.788,26.094,24.442,22.058,19.635,17.224,15.255,14.104,15.532,14.781,12.917,12.144
Sri Lanka,LKA,7823098,7879885,7932787,7988902,8048679,8105462,8156187,8203628,8224720,8248982,8220580,8203072,8589975,8660411,8764804,8491355,8666096,8456529,8694780,8774915,8707414,19303180,19490431,19673866,19870706,20078655,20285643,20482477,20668557,20859743,21017147,21131756,21239457,21336697,21425494,21506813,21670000,21803000,21919000,22156000,22181000,22037000,8.22,8.38,7.67,6.5,5.97,5.22,5.85,4.784,4.118,3.88,4.186,4.157,4.519,4.243,4.046,4.318,4.67,5.365,5.258,6.33,6.36
St. Lucia,LCA,74606,76323,78028,79727,81421,83110,84795,86680,88652,92651,94186,95689,97178,98609,99931,101318,100592,96953,100490,103026,100833,163047,164239,165386,166470,167518,168576,169688,170935,172145,173124,173978,174804,175623,176413,177163,177888,178583,179237,179651,179857,180251,22.18,20.97,18.7,16,14,12.72,15.37,17.116,18.86,19.06,22.21,21.592,20.851,19.928,19.136,19.329,15.613,25.225,20.514,15.934,11.092
St. Vincent and the Grenadines,VCT,50741,51040,51276,51683,52002,52301,52466,52522,52595,52661,52680,52692,52739,52749,52771,52888,52886,51085,51715,52818,53060,113108,112608,112043,111427,110824,110316,109840,109308,108703,108083,107450,106912,106482,105963,105549,105281,104924,104632,104332,103948,103698,19.967,19.524,19.449,19.15,18.927,18.79,19.378,19.951,20.03,19.846,19.347,19.229,19.121,19.01,18.988,18.968,19.22,20.563,20.279,19.51,18.674
Sudan,SDN,7850897,8056338,8296846,8567552,8851985,9128641,9396319,9606346,9759019,9943798,10162684,10453350,10804007,11164590,11559488,11955874,12312326,12568040,13019705,13450139,13589630,28188977,28831550,29540577,30332968,31191163,32065241,32948155,33739933,34419624,35159792,35990704,37003245,38171178,39377169,40679828,41999059,43232093,44440486,45657202,46874204,48109006,14.766,14.788,14.791,14.783,14.769,14.8,13,15.156,17.44,17.068,16.414,15.558,14.512,13.812,13.206,12.605,12.014,12.368,11.466,7.53,11.449
Suriname,SUR,170381,175450,179549,183778,188112,192572,197210,202052,207067,212231,217561,223039,228664,234453,238158,242573,246470,235583,243125,246023,250230,503780,510572,516220,522023,527946,533938,539987,546080,552146,558111,563947,569682,575475,581453,587559,593715,600301,607065,612985,618040,623236,10.351,9.49,9.263,9.096,9.005,8.832,8.72,7.15,7.54,8.1,6.6,6.94,7.22,7.917,7.883,7.685,7.545,8.726,8.459,8.232,7.704
Sweden,SWE,4607164,4622281,4690191,4768932,4844850,4904595,4912421,4947828,5012570,5052398,5122087,5174559,5230067,5307317,5406464,5483210,5554111,5569519,5638697,5723799,5825253,8958229,8993531,9029572,9080505,9148092,9219637,9298515,9378126,9449213,9519374,9600379,9696110,9799186,9923085,10057698,10175214,10278887,10353442,10415811,10486941,10536632,5.555,6.693,7.486,7.066,6.161,6.235,8.351,8.61,7.804,7.976,8.052,7.954,7.432,6.99,6.718,6.365,6.833,8.291,8.722,7.392,7.587
Switzerland,CHE,4152300,4156364,4176950,4239193,4307257,4410392,4477063,4447671,4532800,4590579,4648458,4733088,4805361,4887055,4920490,4956328,4971006,4979813,4981500,4968223,4991280,7339001,7389625,7437115,7483934,7551117,7647675,7743831,7824909,7912398,7996861,8089346,8188649,8282396,8373338,8451840,8514329,8575280,8638167,8704546,8775760,8849852,4.117,4.316,4.437,3.995,3.641,3.35,4.109,4.808,4.409,4.491,4.747,4.826,4.801,4.918,4.797,4.713,4.394,4.817,5.097,4.3,4.05
Syrian Arab Republic,SYR,5128188,5219894,5311993,5534966,5802048,5959077,5949301,6062430,6271527,5590992,5000118,4548018,4305060,4290210,4372836,4572156,4914951,4992919,5281602,5816121,6314719,17611356,18084007,18583557,19432009,20703005,21474059,21827220,22337563,22730733,22605577,21495821,20072232,19205178,18964252,18983373,19333463,20098251,20772595,21324367,22125249,23227014,10.28,9.518,8.816,8.17,8.42,10.94,8.14,8.61,8.612,13.8,14.479,14.768,14.29,13.867,13.67,13.554,13.393,15.176,14.796,13.813,13.544
Tajikistan,TJK,1773808,1840669,1876538,1909372,1935627,1958820,1999281,2047575,2094999,2141635,2190056,2239463,2290338,2343422,2376361,2407127,2439477,2470914,2516376,2611584,2677489,6672492,6801204,6929145,7057417,7188391,7324627,7468596,7621779,7784819,7956382,8136610,8326348,8524063,8725318,8925525,9128132,9337003,9543207,9750064,9952787,10143543,13.751,13.364,12.995,12.627,12.254,11.869,11.5,10.844,10.187,9.519,8.86,8.206,7.554,6.9,6.9,6.898,6.898,7.176,7.253,6.981,6.981
Tanzania,TZA,18051900,18621845,19204746,19802584,20225225,20635599,21001337,21393289,21865045,22376520,22926545,23506979,24200892,24960918,25739955,26515547,27288953,27839215,28746124,30096296,31219073,37333918,38360879,39439505,40562052,41716497,42870884,43957933,45110527,46416031,47786137,49253643,50814552,52542823,54401802,56267032,58090443,59872579,61704518,63588334,65497748,67438106,3.051,3.104,3.192,3.299,3.024,2.775,2.5,3.029,3.47,3.223,2.93,2.125,2.162,2.237,2.313,2.409,2.518,2.781,2.806,2.609,2.607
Thailand,THA,36730283,37474638,38143753,38276335,39112784,39500136,39613757,39447288,40871917,41198445,40085032,40209226,40201742,39942542,39798925,40229448,39952396,40206906,40356693,40907648,40813511,64776956,65311166,65821360,66319525,66826754,67328239,67813654,68270489,68712846,69157023,69578602,69960943,70294397,70607037,70898202,71127802,71307763,71475664,71601103,71697030,71801279,1.54,1.51,1.35,1.22,1.18,1.18,1.49,0.622,0.66,0.58,0.249,0.576,0.597,0.688,0.83,0.766,0.716,1.099,1.215,0.94,0.913
Timor-Leste,TLS,362305,370497,380380,393652,403147,412412,422042,431707,442441,453650,466912,480394,493404,505198,520019,534219,542209,550988,562445,580820,596825,926721,945989,969313,994564,1019362,1043076,1065540,1088486,1112976,1137676,1161555,1184830,1205813,1224562,1243235,1261845,1280438,1299995,1320942,1341296,1360596,3.409,3.498,3.448,3.46,3.409,3.367,3.295,3.301,3.533,3.767,4.011,4.228,4.45,4.657,4.212,3.732,3.129,2.792,2.344,1.537,1.523
Togo,TGO,1823712,1875105,1927374,1988057,2052272,2115499,2177901,2236750,2296975,2357837,2419881,2483698,2549134,2616440,2685319,2755426,2826292,2877773,2975025,3074425,3165789,5421001,5565218,5711597,5874240,6047537,6222482,6398624,6571855,6748672,6926635,7106229,7288383,7473229,7661354,7852795,8046679,8243094,8442580,8644829,8848699,9053799,3.964,3.999,4.151,4.229,3.822,3.286,2.853,2.385,1.982,2.028,2.083,2.142,2.204,2.963,3.744,2.903,2.056,2.211,2.285,2.065,2.048
Tonga,TON,37096,37109,37109,37108,37162,37248,37294,37347,37363,37242,37036,36797,36573,36418,36317,36260,36419,36409,36740,37850,38483,104410,105036,105633,106190,106638,106932,107144,107383,107611,107502,107089,106626,106122,105707,105415,105150,104951,105254,106017,106858,107773,5.18,3.944,2.572,1.09,1.182,1.254,1.41,1.517,1.606,1.647,1.758,1.924,2.028,2.048,2.132,2.248,2.164,2.675,2.111,2.354,2.303
Trinidad and Tobago,TTO,639823,663384,679217,688837,690781,697130,694170,679616,674603,693119,694768,707968,696897,693991,690375,695724,695102,672932,668306,675249,681265,1353548,1361172,1369075,1376919,1384861,1392803,1401191,1410296,1420020,1430377,1440729,1450661,1460177,1469330,1478607,1504709,1519955,1518147,1525663,1531044,1534937,10.48,8.33,7.95,6.27,5.54,4.63,5.28,4.033,3.425,3.718,2.683,2.477,2.428,3.207,3.385,3.49,3.523,4.206,4.446,4.383,4.206
Tunisia,TUN,3428609,3468620,3502286,3572996,3648430,3729378,3810664,3892730,3974997,4077364,4084374,4103893,4121291,4162572,4178516,4204927,4240681,4087964,4136323,4359803,4445313,10193798,10292225,10388344,10483558,10580395,10680380,10784504,10895063,11032528,11174383,11300284,11428948,11557779,11685667,11811443,11933041,12049314,12161723,12262946,12356117,12458223,14.51,14.23,12.872,12.51,12.365,12.444,13.291,13.049,18.334,17.63,15.934,14.259,15.159,15.557,15.33,15.459,17.153,17.576,16.505,15.301,15.106
Turkiye,TUR,22701681,22213390,22722966,22701823,23018367,23770341,24694136,25794958,26981022,27535298,28576887,29245699,30216096,31174275,32167323,32874112,33249207,31361351,33070239,34630319,35071478,66867327,67785075,68704715,69601333,70158112,71051678,72039206,73142150,74223629,75175827,76147624,77181884,78218479,79277962,80312698,81407204,82579440,83384680,84147318,84979913,85326000,10.542,10.838,10.636,10.227,10.285,10.965,14.026,11.879,9.789,9.21,9.713,9.901,10.304,10.899,10.919,10.956,13.73,13.148,11.969,10.432,9.412
Turkmenistan,TKM,1654141,1689067,1709569,1733015,1756150,1773789,1805624,1831094,1847458,1868441,1889848,1910289,1934315,1957683,1979730,2001782,2024231,1997917,2013301,2117405,2163083,4758988,4819792,4885775,4954029,5024894,5100083,5180957,5267970,5360811,5458682,5560095,5663152,5766431,5868561,5968383,6065066,6158420,6250438,6341855,6430770,6516100,9.239,8.367,7.46,6.577,5.705,4.846,4,4,4.002,3.997,3.999,4.011,4.023,4.034,4.045,4.051,4.055,4.489,4.452,4.121,4.12
Uganda,UGA,9100783,9377842,9660213,9960400,10281641,10622845,10979617,11353046,11740672,12143029,12561282,13026478,13550001,14163205,14847009,15499088,16170475,16722952,17541680,18242785,18881435,26354736,27146084,27946588,28773227,29629804,30509862,31412520,32341728,33295738,34273295,35273570,36336539,37477356,38748299,40127085,41515395,42949080,44404611,45853778,47249585,48582334,3.6,2.706,1.9,2.27,2.675,3.049,3.6,3.619,3.528,3.551,1.91,2.404,2.788,3.167,3.643,3.42,3.185,3.914,3.422,2.93,2.831
Ukraine,UKR,22824874,22682516,22529601,22365498,22455476,22353775,22246256,22140771,22037073,21940939,21834999,21670714,21569556,21469121,21368630,21276539,21190326,20621250,20311702,..,..,47812949,47451626,47105171,46787786,46509355,46258189,46053331,45870741,45706086,45593342,45489648,45272155,45167350,45038236,44880758,44690584,44474512,44207754,43848986,38000000,37000000,9.057,8.59,7.18,6.81,6.351,6.363,8.84,8.1,7.851,7.529,7.17,9.27,9.14,9.35,9.5,8.799,8.194,9.475,9.834,..,..
United Arab Emirates,ARE,2309920,2458656,2671414,3097126,3769133,4557619,5298911,5685095,5782838,5879032,5973682,6066398,6155854,6244154,6328526,6404956,6479503,6491560,6462165,6588824,6668172,3813443,3993339,4280993,4898954,5872624,6988685,7992644,8481771,8575205,8664969,8751847,8835951,8916899,8994263,9068296,9140169,9211657,9287289,9365145,9441129,9516871,2.902,2.964,3.12,2.959,2.925,2.805,2.919,2.789,2.568,2.266,2.074,1.962,1.792,1.64,2.462,2.236,2.331,4.294,3.105,2.873,2.706
United Kingdom,GBR,30095093,30341589,30813208,31317980,31527354,31927772,32084960,32236187,32478068,32778349,33061439,33331376,33614102,33939706,34128763,34415434,34695933,34633314,34311328,34797067,35275169,59647577,59987905,60401206,60846820,61322463,61806995,62276270,62766365,63258810,63700215,64128273,64602298,65116219,65611593,66058859,66460344,66836327,67081234,67026292,67791000,68350000,4.807,4.594,4.751,5.35,5.262,5.615,7.537,7.787,8.038,7.885,7.525,6.11,5.301,4.81,4.33,3.996,3.737,4.472,4.826,3.73,4.055
United States,USA,148886198,150113013,152044690,154154002,155503665,157246174,157377606,157357516,157443452,158452840,158809862,159540139,160644681,162448669,163971527,165307010,167100511,165649358,166198588,168181985,170548899,290107933,292805298,295516599,298379912,301231207,304093966,306771529,309327143,311583481,313877662,316059947,318386329,320738994,323071755,325122128,326838199,328329953,331526933,332048977,333271411,334914895,5.989,5.529,5.084,4.623,4.622,5.784,9.254,9.633,8.949,8.069,7.375,6.168,5.28,4.869,4.355,3.896,3.669,8.055,5.349,3.65,3.625
Uruguay,URY,1487819,1502865,1509310,1578246,1633168,1646995,1675615,1674178,1730444,1720216,1720501,1757881,1742337,1742862,1738336,1735162,1743411,1684519,1738442,1750626,1775121,3310202,3313801,3317665,3322282,3328651,3336126,3344156,3352651,3361637,3371133,3381180,3391662,3402818,3413766,3422200,3427042,3428409,3429086,3426260,3422794,3423108,16.661,12.98,12.009,10.844,9.403,8.026,7.74,7.158,6.307,6.451,6.444,6.547,7.488,7.841,7.89,8.336,8.734,10.33,9.301,7.877,8.354
Uzbekistan,UZB,10177216,10360242,10548387,10734030,10910271,11103030,11313657,11680604,12035107,12225969,12404289,12579726,12741960,12913664,13093345,13249966,13403597,13371680,13623766,13970925,14269864,25567650,25864350,26167000,26488250,26868000,27302800,27767400,28562400,29339400,29774500,30243200,30757700,31298900,31847900,32388600,32956100,33580350,34232050,34915100,35648100,36412350,9.185,8.126,7.074,6.026,4.99,4.89,5.04,5.36,4.96,4.87,4.86,5.09,5.15,5.16,5.83,5.391,4.945,5.293,5.345,4.535,4.526
Vanuatu,VUT,84135,86928,89694,92323,95290,98116,101100,103881,106195,108625,111122,113452,116023,118474,120987,123831,126757,128712,132628,137347,141633,207258,212422,217632,222923,228345,233952,239689,245453,251294,257313,263534,269927,276438,283218,290239,297298,304404,311685,319137,326740,334506,8.71,8.465,8.132,8.006,6.852,5.658,4.565,4.683,4.819,4.949,5.057,5.15,5.255,5.262,5.288,5.326,5.445,4.046,4.734,5.171,5.099
"Venezuela, RB",VEN,11007230,11383901,11695705,12062613,12233922,12453087,12638870,12831302,13014061,13131113,13251950,13365100,13467003,13499592,13279022,12663428,11515104,10397649,10401333,10968535,11548202,25782029,26226927,26668785,27102081,27525097,27933833,28327892,28715022,29096159,29470426,29838021,30193258,30529716,30741464,30563433,29825653,28971683,28490453,28199867,28301696,28838499,16.78,15.07,10.663,8.606,7.279,6.245,6.097,7.112,6.902,6.601,7.54,6.821,6.138,5.319,5.045,5.463,5.887,7.53,7.027,5.747,5.528
Viet Nam,VNM,41724856,42252511,43725098,45207163,46689587,48035092,49365082,50409727,51233476,51880301,53110641,53761703,54503887,54678041,54999075,55246118,55877866,54751935,55034918,55688922,56149382,81475825,82311227,83142095,83951800,84762269,85597241,86482923,87411012,88349117,89301326,90267739,91235504,92191398,93126529,94033048,94914330,95776716,96648685,97468029,98186856,98858950,2.25,2.14,2.077,2.045,2.026,1.889,1.737,1.114,0.999,1.027,1.316,1.256,1.849,1.848,1.874,1.161,1.681,2.103,2.385,1.535,1.602
Virgin Islands (U.S.),VIR,48940,50874,52106,52734,53576,53658,53822,52343,53049,52225,49378,48813,50865,50528,51143,47523,45034,45478,45794,46633,46435,108505,108466,108453,108369,108337,108397,108404,108357,108290,108188,108041,107882,107712,107516,107281,107001,106669,106290,105870,105413,104917,11.119,10.772,10.701,10.169,9.935,10.008,11.3,11.501,11.778,11.84,12.274,12.36,12.146,12.247,11.955,12.137,12.259,14.836,13.932,12.669,12.087
West Bank and Gaza,PSE,654278,668101,700083,726008,778686,798641,831893,871677,931429,968542,1001101,1038552,1114682,1140063,1173389,1191792,1249457,1190164,1299412,1389392,..,3154969,3236626,3320396,3406334,3494496,3591977,3689099,3786161,3882986,3979998,4076708,4173398,4270092,4367088,4454805,4569087,4685306,4803269,4922749,5043612,5165775,23.004,23.215,20.016,19.014,18.282,22.913,20.452,21.416,17.597,19.202,19.894,20.527,23.005,23.939,25.677,26.256,25.34,25.895,26.39,24.42,..
"Yemen, Rep.",YEM,4517995,4614959,4730371,4868070,5016910,5171424,5329984,5491295,5582610,5677003,5777525,5882886,5273905,5483245,5692713,5898001,6104306,6237915,6334868,6663004,6882832,20188799,20733406,21320671,21966298,22641538,23329004,24029589,24743946,25475610,26223391,26984002,27753304,28516545,29274002,30034389,30790513,31546691,32284046,32981641,33696614,34449825,12.013,12.131,12.216,12.349,12.483,12.647,12.753,12.778,13.277,13.44,13.638,13.467,17.9,18.382,18.564,17.644,17.303,17.972,18.248,17.515,17.215
Zambia,ZMB,3345142,3466073,3595064,3736112,3885334,4042425,4205149,4370803,4530638,4692777,4861494,5037575,5218288,5404433,5594492,5789287,6117559,6488754,6642413,6826898,7051257,10837973,11188040,11564870,11971567,12402073,12852966,13318087,13792086,14265814,14744658,15234976,15737793,16248230,16767761,17298054,17835893,18380477,18927715,19473125,20017675,20569737,14.701,15.327,15.9,13.232,10.563,7.93,10.581,13.19,10.546,7.85,8.042,8.131,8.316,8.418,8.518,5.031,5.539,6.032,5.195,5.993,5.913
Zimbabwe,ZWE,4612494,4628134,4632102,4655305,4688640,4711073,4743786,4787016,4842381,4930871,5052130,5187402,5330837,5479855,5626689,5770751,5912685,6001349,6182422,6370612,6560725,12075828,12160881,12224753,12330490,12450568,12550347,12679810,12839771,13025785,13265331,13555422,13855753,14154937,14452704,14751101,15052184,15354608,15669666,15993524,16320537,16665409,4.736,4.39,4.626,4.763,4.997,5.374,5.469,5.456,5.368,5.057,4.944,4.774,5.383,5.893,6.347,6.792,7.373,8.621,9.54,10.087,8.759
